,Sid,Rule,technique ids
0,213,"alert tcp $EXTERNAL_NET any -> $TELNET_SERVERS 23 ( msg:""MALWARE-BACKDOOR MISC Linux rootkit attempt"";  flow:to_server,established;  content:""wh00t!"";  metadata:ruleset community;  classtype:attempted-admin;  sid:213;  rev:9;  )",['T1014']
1,214,"alert tcp $EXTERNAL_NET any -> $TELNET_SERVERS 23 ( msg:""MALWARE-BACKDOOR MISC Linux rootkit attempt lrkr0x"";  flow:to_server,established;  content:""lrkr0x"";  metadata:ruleset community;  classtype:attempted-admin;  sid:214;  rev:9;  )",['T1014']
2,215,"alert tcp $EXTERNAL_NET any -> $TELNET_SERVERS 23 ( msg:""MALWARE-BACKDOOR MISC Linux rootkit attempt"";  flow:to_server,established;  content:""d13hh["",nocase;  metadata:ruleset community;  classtype:attempted-admin;  sid:215;  rev:9;  )",['T1014']
3,216,"alert tcp $EXTERNAL_NET any -> $TELNET_SERVERS 23 ( msg:""MALWARE-BACKDOOR MISC Linux rootkit satori attempt"";  flow:to_server,established;  content:""satori"";  metadata:ruleset community;  classtype:attempted-admin;  sid:216;  rev:12;  )",['T1014']
4,233,"alert tcp $EXTERNAL_NET any -> $HOME_NET 27665 ( msg:""MALWARE-OTHER Trin00 Attacker to Master default startup password"";  flow:to_server,established;  content:""betaalmostdone"";  metadata:ruleset community;  reference:cve,2000-0138;  classtype:attempted-dos;  sid:233;  rev:11;  )",['T1078']
5,234,"alert tcp $EXTERNAL_NET any -> $HOME_NET 27665 ( msg:""MALWARE-OTHER Trin00 Attacker to Master default password"";  flow:to_server,established;  content:""gOrave"";  metadata:ruleset community;  reference:cve,2000-0138;  classtype:attempted-dos;  sid:234;  rev:9;  )",['T1078']
6,235,"alert tcp $EXTERNAL_NET any -> $HOME_NET 27665 ( msg:""MALWARE-OTHER Trin00 Attacker to Master default mdie password"";  flow:to_server,established;  content:""killme"";  metadata:ruleset community;  reference:cve,2000-0138;  classtype:attempted-dos;  sid:235;  rev:9;  )",['T1078']
7,237,"alert udp $EXTERNAL_NET any -> $HOME_NET 27444 ( msg:""MALWARE-OTHER Trin00 Master to Daemon default password attempt"";  flow:to_server;  content:""l44adsl"";  metadata:ruleset community;  reference:cve,2000-0138;  classtype:attempted-dos;  sid:237;  rev:11;  )",['T1078']
8,613,"alert tcp $EXTERNAL_NET 10101 -> $HOME_NET any ( msg:""INDICATOR-SCAN myscan"";  flow:stateless;  ack:0;  flags:S;  ttl:>220;  metadata:ruleset community;  classtype:attempted-recon;  sid:613;  rev:11;  )","['T1018', 'T1040', 'T1046']"
9,616,"alert tcp $EXTERNAL_NET any -> $HOME_NET 113 ( msg:""INDICATOR-SCAN ident version request"";  flow:to_server,established;  content:""VERSION|0A|"",depth 16;  metadata:ruleset community;  classtype:attempted-recon;  sid:616;  rev:9;  )","['T1018', 'T1040', 'T1046']"
10,619,"alert tcp $EXTERNAL_NET any -> $HOME_NET 80 ( msg:""INDICATOR-SCAN cybercop os probe"";  flow:stateless;  isdataat:!0;  flags:12FS;  metadata:ruleset community;  classtype:attempted-recon;  sid:619;  rev:12;  )","['T1018', 'T1040', 'T1046']"
11,622,"alert tcp $EXTERNAL_NET any -> $HOME_NET any ( msg:""INDICATOR-SCAN ipEye SYN scan"";  flow:stateless;  flags:S;  seq:1958810375;  metadata:ruleset community;  classtype:attempted-recon;  sid:622;  rev:12;  )","['T1018', 'T1040', 'T1046']"
12,626,"alert tcp $EXTERNAL_NET any -> $HOME_NET any ( msg:""INDICATOR-SCAN cybercop os PA12 attempt"";  flow:stateless;  flags:12AP;  content:""AAAAAAAAAAAAAAAA"",depth 16;  metadata:ruleset community;  classtype:attempted-recon;  sid:626;  rev:13;  )","['T1018', 'T1040', 'T1046']"
13,627,"alert tcp $EXTERNAL_NET any -> $HOME_NET any ( msg:""INDICATOR-SCAN cybercop os SFU12 probe"";  flow:stateless;  ack:0;  flags:12FSU;  content:""AAAAAAAAAAAAAAAA"",depth 16;  metadata:ruleset community;  classtype:attempted-recon;  sid:627;  rev:13;  )","['T1018', 'T1040', 'T1046']"
14,630,"alert tcp $EXTERNAL_NET any -> $HOME_NET any ( msg:""INDICATOR-SCAN synscan portscan"";  flow:stateless;  flags:FS;  id:39426;  metadata:ruleset community;  classtype:attempted-recon;  sid:630;  rev:11;  )","['T1018', 'T1040', 'T1046']"
15,634,"alert udp $EXTERNAL_NET any -> $HOME_NET 10080:10081 ( msg:""INDICATOR-SCAN Amanda client-version request"";  flow:to_server;  content:""Amanda"",fast_pattern,nocase;  metadata:policy max-detect-ips drop,ruleset community;  classtype:attempted-recon;  sid:634;  rev:10;  )","['T1018', 'T1040', 'T1046']"
16,635,"alert udp $EXTERNAL_NET any -> $HOME_NET 49 ( msg:""INDICATOR-SCAN XTACACS logout"";  flow:to_server;  content:""|80 07 00 00 07 00 00 04 00 00 00 00 00|"",fast_pattern,nocase;  metadata:policy max-detect-ips drop,ruleset community;  classtype:bad-unknown;  sid:635;  rev:11;  )","['T1018', 'T1040', 'T1046']"
17,636,"alert udp $EXTERNAL_NET any -> $HOME_NET 7 ( msg:""INDICATOR-SCAN cybercop udp bomb"";  flow:to_server;  content:""cybercop"",fast_pattern,nocase;  metadata:policy max-detect-ips drop,ruleset community;  classtype:bad-unknown;  sid:636;  rev:9;  )","['T1018', 'T1040', 'T1046']"
18,637,"alert udp $EXTERNAL_NET any -> $HOME_NET any ( msg:""INDICATOR-SCAN Webtrends Scanner UDP Probe"";  flow:to_server;  content:""|0A|help|0A|quite|0A|"",fast_pattern,nocase;  metadata:policy max-detect-ips drop,ruleset community;  reference:url,www.netiq.com/products/vsm/default.asp;  classtype:attempted-recon;  sid:637;  rev:13;  )","['T1018', 'T1040', 'T1046']"
20,1090,"alert tcp $EXTERNAL_NET any -> $HTTP_SERVERS $HTTP_PORTS ( msg:""SERVER-WEBAPP Allaire Pro Web Shell attempt"";  flow:to_server,established;  http_uri;  content:""/authenticate.cgi?PASSWORD"",fast_pattern,nocase;  pkt_data;  content:""config.ini"";  metadata:ruleset community;  service:http;  classtype:web-application-attack;  sid:1090;  rev:18;  )",['T1505']
21,1100,"alert tcp $EXTERNAL_NET any -> $HTTP_SERVERS $HTTP_PORTS ( msg:""INDICATOR-SCAN L3retriever HTTP Probe"";  flow:to_server,established;  http_header;  content:""User-Agent|3A| Java1.2.1|0D 0A|"";  metadata:ruleset community;  service:http;  classtype:web-application-activity;  sid:1100;  rev:18;  )","['T1018', 'T1040', 'T1046']"
22,1101,"alert tcp $EXTERNAL_NET any -> $HTTP_SERVERS $HTTP_PORTS ( msg:""INDICATOR-SCAN Webtrends HTTP probe"";  flow:to_server,established;  http_header;  content:""User-Agent|3A| Webtrends Security Analyzer|0D 0A|"";  metadata:ruleset community;  service:http;  classtype:web-application-activity;  sid:1101;  rev:18;  )","['T1018', 'T1040', 'T1046']"
23,1122,"alert tcp $EXTERNAL_NET any -> $HTTP_SERVERS $HTTP_PORTS ( msg:""SERVER-WEBAPP /etc/passwd file access attempt"";  flow:to_server,established;  http_uri;  content:""/etc/passwd"",fast_pattern,nocase;  metadata:policy max-detect-ips drop,ruleset community;  service:http;  classtype:attempted-recon;  sid:1122;  rev:16;  )",['T1087']
24,1129,"alert tcp $EXTERNAL_NET any -> $HTTP_SERVERS $HTTP_PORTS ( msg:""SERVER-WEBAPP .htaccess access"";  flow:to_server,established;  http_uri;  content:"".htaccess"",fast_pattern,nocase;  metadata:policy max-detect-ips drop,ruleset community;  service:http;  classtype:attempted-recon;  sid:1129;  rev:16;  )",['T1170']
25,1133,"alert tcp $EXTERNAL_NET any -> $HTTP_SERVERS $HTTP_PORTS ( msg:""INDICATOR-SCAN cybercop os probe"";  flow:stateless;  ack:0;  flags:FPS;  content:""AAAAAAAAAAAAAAAA"",depth 16;  metadata:ruleset community;  service:http;  classtype:attempted-recon;  sid:1133;  rev:18;  )","['T1018', 'T1040', 'T1046']"
26,1434,"alert tcp $EXTERNAL_NET any -> $HTTP_SERVERS $HTTP_PORTS ( msg:""SERVER-WEBAPP .bash_history access"";  flow:to_server,established;  http_uri;  content:""/.bash_history"";  metadata:ruleset community;  service:http;  reference:bugtraq,337;  reference:cve,1999-0408;  classtype:web-application-attack;  sid:1434;  rev:15;  )",['T1552']
27,1638,"alert tcp $EXTERNAL_NET any -> $HOME_NET 22 ( msg:""INDICATOR-SCAN SSH Version map attempt"";  flow:to_server,established;  content:""Version_Mapper"",fast_pattern,nocase;  metadata:ruleset community;  classtype:network-scan;  sid:1638;  rev:10;  )","['T1018', 'T1040', 'T1046']"
28,1817,"alert tcp $EXTERNAL_NET any -> $HTTP_SERVERS $HTTP_PORTS ( msg:""SERVER-IIS MS Site Server default login attempt"";  flow:to_server,established;  http_uri;  content:""/SiteServer/Admin/knowledge/persmbr/"",nocase;  pkt_data;  pcre:""/^Authorization\x3A\s*Basic\s+TERBUF9Bbm9ueW1vdXM6TGRhcFBhc3N3b3JkXzE=/ims"";  metadata:ruleset community;  service:http;  reference:nessus,11018;  classtype:web-application-attack;  sid:1817;  rev:19;  )",['T1078']
29,1859,"alert tcp $EXTERNAL_NET any -> $HOME_NET 9090 ( msg:""SERVER-WEBAPP Oracle JavaServer default password login attempt"";  flow:to_server,established;  content:""/servlet/admin"";  content:""ae9f86d6beaa3f9ecb9a5b7e072a4138"";  metadata:ruleset community;  service:http;  reference:nessus,10995;  classtype:default-login-attempt;  sid:1859;  rev:14;  )",['T1078']
30,1860,"alert tcp $EXTERNAL_NET any -> $HOME_NET 8080 ( msg:""SERVER-WEBAPP Linksys router default password login attempt"";  flow:to_server,established;  http_header;  content:""Authorization|3A|"",nocase;  pcre:""/^Authorization\x3a(\s*|\s*\r?\n\s+)Basic\s+OmFkbWlu/ims"";  metadata:ruleset community;  service:http;  reference:nessus,10999;  classtype:default-login-attempt;  sid:1860;  rev:15;  )",['T1078']
31,1861,"alert tcp $EXTERNAL_NET any -> $HOME_NET 8080 ( msg:""SERVER-WEBAPP Linksys router default username and password login attempt"";  flow:to_server,established;  content:""YWRtaW46YWRtaW4"";  pcre:""/^Authorization\x3a\s*Basic\s+(?-i)YWRtaW46YWRtaW4[=\s]/ims"";  metadata:ruleset community;  service:http;  reference:nessus,10999;  classtype:default-login-attempt;  sid:1861;  rev:18;  )",['T1078']
32,1917,"alert udp $EXTERNAL_NET any -> $HOME_NET 1900 ( msg:""INDICATOR-SCAN UPnP service discover attempt"";  flow:to_server;  content:""M-SEARCH "",depth 9;  content:""ssdp|3A|discover"",fast_pattern,nocase;  metadata:policy max-detect-ips drop,ruleset community;  classtype:network-scan;  sid:1917;  rev:16;  )","['T1018', 'T1040', 'T1046']"
33,2041,"alert udp $HOME_NET 49 -> $EXTERNAL_NET any ( msg:""INDICATOR-SCAN xtacacs failed login response"";  flow:to_client;  content:""|80 02|"",depth 2;  content:""|02|"",distance 4;  metadata:policy max-detect-ips drop,ruleset community;  classtype:misc-activity;  sid:2041;  rev:9;  )","['T1018', 'T1040', 'T1046']"
34,2043,"alert udp $HOME_NET 500 -> $EXTERNAL_NET 500 ( msg:""INDICATOR-SCAN isakmp login failed"";  content:""|10 05|"",depth 2,offset 17;  content:""|00 00 00 01 01 00 00 18|"",within 8,distance 13;  metadata:policy max-detect-ips drop,ruleset community;  classtype:misc-activity;  sid:2043;  rev:8;  )","['T1018', 'T1040', 'T1046']"
35,2145,"alert tcp $EXTERNAL_NET any -> $HTTP_SERVERS $HTTP_PORTS ( msg:""SERVER-WEBAPP TextPortal admin.php default password admin attempt"";  flow:to_server,established;  http_uri;  content:""/admin.php"";  pkt_data;  content:""op=admin_enter"";  content:""password=admin"",fast_pattern,nocase;  metadata:ruleset community;  service:http;  reference:bugtraq,7673;  reference:nessus,11660;  classtype:web-application-activity;  sid:2145;  rev:12;  )",['T1078']
36,2146,"alert tcp $EXTERNAL_NET any -> $HTTP_SERVERS $HTTP_PORTS ( msg:""SERVER-WEBAPP TextPortal admin.php default password 12345 attempt"";  flow:to_server,established;  http_uri;  content:""/admin.php"";  pkt_data;  content:""op=admin_enter"";  content:""password=12345"",fast_pattern,nocase;  metadata:ruleset community;  service:http;  reference:bugtraq,7673;  reference:nessus,11660;  classtype:web-application-activity;  sid:2146;  rev:12;  )",['T1078']
37,2176,"alert tcp $EXTERNAL_NET any -> $HOME_NET 139 ( msg:""OS-WINDOWS Microsoft Windows SMB startup folder access"";  flow:to_server,established;  content:""|00|"",depth 1;  content:""|FF|SMB2"",depth 5,offset 4;  content:""Documents and Settings|5C|All Users|5C|Start Menu|5C|Programs|5C|Startup|00|"",distance 0,nocase;  metadata:ruleset community;  service:netbios-ssn;  classtype:attempted-recon;  sid:2176;  rev:11;  )",['T1547']
38,2177,"alert tcp $EXTERNAL_NET any -> $HOME_NET 139 ( msg:""OS-WINDOWS Microsoft Windows SMB startup folder unicode access"";  flow:to_server,established;  content:""|00|"",depth 1;  content:""|FF|SMB2"",depth 5,offset 4;  content:""|5C 00|S|00|t|00|a|00|r|00|t|00| |00|M|00|e|00|n|00|u|00 5C 00|P|00|r|00|o|00|g|00|r|00|a|00|m|00|s|00 5C 00|S|00|t|00|a|00|r|00|t|00|u|00|p"",distance 0,nocase;  metadata:ruleset community;  classtype:attempted-recon;  sid:2177;  rev:12;  )",['T1547']
39,2230,"alert tcp $EXTERNAL_NET any -> $HOME_NET $HTTP_PORTS ( msg:""SERVER-WEBAPP NetGear router default password login attempt admin/password"";  flow:to_server,established;  http_header;  content:""Authorization|3A|"",nocase;  content:""YWRtaW46cGFzc3dvcmQ"",nocase;  pcre:""/^Authorization\x3a(\s*|\s*\r?\n\s+)Basic\s+YWRtaW46cGFzc3dvcmQ/ims"";  metadata:ruleset community;  service:http;  reference:nessus,11737;  classtype:default-login-attempt;  sid:2230;  rev:17;  )",['T1078']
40,2273,"alert tcp $EXTERNAL_NET any -> $HOME_NET 143 ( msg:""PROTOCOL-IMAP login brute force attempt"";  flow:to_server,established,no_stream;  content:""LOGIN"",fast_pattern,nocase;  detection_filter:track by_dst,count 30,seconds 30;  metadata:ruleset community;  service:imap;  classtype:suspicious-login;  sid:2273;  rev:12;  )",['T1110']
41,2274,"alert tcp $EXTERNAL_NET any -> $HOME_NET 110 ( msg:""PROTOCOL-POP login brute force attempt"";  flow:to_server,established,no_stream;  content:""USER"",fast_pattern,nocase;  detection_filter:track by_dst,count 30,seconds 30;  metadata:ruleset community;  service:pop3;  classtype:suspicious-login;  sid:2274;  rev:11;  )",['T1110']
42,2275,"alert tcp $SMTP_SERVERS 25 -> $EXTERNAL_NET any ( msg:""SERVER-MAIL AUTH LOGON brute force attempt"";  flow:to_client,established,no_stream;  content:""Authentication unsuccessful"",offset 54,nocase;  detection_filter:track by_dst,count 5,seconds 60;  metadata:ruleset community;  service:smtp;  classtype:suspicious-login;  sid:2275;  rev:12;  )",['T1110']
43,2334,"alert tcp $EXTERNAL_NET any -> $HOME_NET 3535 ( msg:""PROTOCOL-FTP Yak! FTP server default account login attempt"";  flow:to_server,established;  content:""USER"",nocase;  content:""y049575046"",fast_pattern,nocase;  pcre:""/^USER\s+y049575046/ims"";  metadata:ruleset community;  reference:bugtraq,9072;  classtype:suspicious-login;  sid:2334;  rev:11;  )",['T1078']
44,2406,"alert tcp $EXTERNAL_NET any -> $TELNET_SERVERS 23 ( msg:""PROTOCOL-TELNET APC SmartSlot default admin account attempt"";  flow:to_server,established;  content:""TENmanUFactOryPOWER"",fast_pattern,nocase;  metadata:ruleset community;  service:telnet;  reference:bugtraq,9681;  reference:cve,2004-0311;  reference:nessus,12066;  classtype:suspicious-login;  sid:2406;  rev:14;  )",['T1078']
45,2578,"alert udp $EXTERNAL_NET any -> $HOME_NET 88 ( msg:""SERVER-OTHER kerberos principal name overflow UDP"";  flow:to_server;  content:""j"",depth 1;  content:""|01 A1|"";  asn1:oversize_length 1024,relative_offset -1;  metadata:ruleset community;  service:kerberos;  reference:cve,2003-0072;  reference:nessus,11512;  reference:url,web.mit.edu/kerberos/www/advisories/MITKRB5-SA-2003-005-buf.txt;  classtype:attempted-admin;  sid:2578;  rev:11;  )",['T1097']
46,2579,"alert tcp $EXTERNAL_NET any -> $HOME_NET 88 ( msg:""SERVER-OTHER kerberos principal name overflow TCP"";  flow:to_server,established;  content:""j"",depth 1,offset 4;  content:""|01 A1|"";  asn1:oversize_length 1024,relative_offset -1;  metadata:ruleset community;  service:kerberos;  reference:cve,2003-0072;  reference:nessus,11512;  reference:url,web.mit.edu/kerberos/www/advisories/MITKRB5-SA-2003-005-buf.txt;  classtype:attempted-admin;  sid:2579;  rev:8;  )",['T1097']
47,3152,"alert tcp $SQL_SERVERS 1433 -> $EXTERNAL_NET any ( msg:""SQL sa brute force failed login attempt"";  flow:to_client,established,no_stream;  content:""Login failed for user 'sa'"",fast_pattern,nocase;  detection_filter:track by_src,count 5,seconds 2;  metadata:ruleset community;  reference:bugtraq,4797;  reference:cve,2000-1209;  reference:nessus,10673;  classtype:unsuccessful-user;  sid:3152;  rev:11;  )",['T1110']
48,3273,"alert tcp $SQL_SERVERS 1433 -> $EXTERNAL_NET any ( msg:""SQL sa brute force failed login unicode attempt"";  flow:to_client,established,no_stream;  content:""L|00|o|00|g|00|i|00|n|00| |00|f|00|a|00|i|00|l|00|e|00|d|00| |00|f|00|o|00|r|00| |00|u|00|s|00|e|00|r|00| |00|'|00|s|00|a|00|'|00|"";  detection_filter:track by_src,count 5,seconds 2;  metadata:ruleset community;  reference:bugtraq,4797;  reference:cve,2000-1209;  reference:nessus,10673;  classtype:unsuccessful-user;  sid:3273;  rev:10;  )",['T1110']
49,21282,"alert tcp $HOME_NET any -> $EXTERNAL_NET $HTTP_PORTS ( msg:""FILE-IDENTIFY XSL file download request"";  flow:to_server,established;  http_uri;  content:"".xsl"",fast_pattern,nocase;  pcre:""/\x2exsl([\?\x5c\x2f]|$)/ims"";  flowbits:set,file.xml;  flowbits:noalert;  metadata:policy max-detect-ips alert,policy security-ips alert,ruleset community;  service:http;  classtype:misc-activity;  sid:21282;  rev:12;  )",['T1220']
50,21283,"alert tcp $EXTERNAL_NET [110,143] -> $HOME_NET any ( msg:""FILE-IDENTIFY XSL file attachment detected"";  flow:to_client,established;  content:"".xsl"",fast_pattern,nocase;  content:""Content-Disposition: attachment|3B|"";  content:""filename="",nocase;  pcre:""/filename=[^\n]*\x2exsl/i"";  flowbits:set,file.xml;  flowbits:noalert;  metadata:policy max-detect-ips alert,policy security-ips alert,ruleset community;  service:imap,pop3;  classtype:misc-activity;  sid:21283;  rev:13;  )",['T1220']
51,21284,"alert tcp $EXTERNAL_NET any -> $SMTP_SERVERS 25 ( msg:""FILE-IDENTIFY XSL file attachment detected"";  flow:to_server,established;  content:"".xsl"",fast_pattern,nocase;  content:""Content-Disposition: attachment|3B|"";  content:""filename="",nocase;  pcre:""/filename=[^\n]*\x2exsl/i"";  flowbits:set,file.xml;  flowbits:noalert;  metadata:policy max-detect-ips alert,policy security-ips alert,ruleset community;  service:smtp;  classtype:misc-activity;  sid:21284;  rev:14;  )",['T1220']
52,21285,"alert tcp $HOME_NET any -> $EXTERNAL_NET $HTTP_PORTS ( msg:""FILE-IDENTIFY XSLT file download request"";  flow:to_server,established;  http_uri;  content:"".xslt"",fast_pattern,nocase;  pcre:""/\x2exslt([\?\x5c\x2f]|$)/ims"";  flowbits:set,file.xml;  flowbits:noalert;  metadata:policy max-detect-ips alert,policy security-ips alert,ruleset community;  service:http;  classtype:misc-activity;  sid:21285;  rev:12;  )",['T1220']
53,21286,"alert tcp $EXTERNAL_NET [110,143] -> $HOME_NET any ( msg:""FILE-IDENTIFY XSLT file attachment detected"";  flow:to_client,established;  content:"".xslt"",fast_pattern,nocase;  content:""Content-Disposition: attachment|3B|"";  content:""filename="",nocase;  pcre:""/filename=[^\n]*\x2exslt/i"";  flowbits:set,file.xml;  flowbits:noalert;  metadata:policy max-detect-ips alert,policy security-ips alert,ruleset community;  service:imap,pop3;  classtype:misc-activity;  sid:21286;  rev:13;  )",['T1220']
54,21287,"alert tcp $EXTERNAL_NET any -> $SMTP_SERVERS 25 ( msg:""FILE-IDENTIFY XSLT file attachment detected"";  flow:to_server,established;  content:"".xslt"",fast_pattern,nocase;  content:""Content-Disposition: attachment|3B|"";  content:""filename="",nocase;  pcre:""/filename=[^\n]*\x2exslt/i"";  flowbits:set,file.xml;  flowbits:noalert;  metadata:policy max-detect-ips alert,policy security-ips alert,ruleset community;  service:smtp;  classtype:misc-activity;  sid:21287;  rev:14;  )",['T1220']
55,21442,"alert tcp $HOME_NET any -> $EXTERNAL_NET $HTTP_PORTS ( msg:""MALWARE-CNC URI request for known malicious URI - base64 encoded"";  flow:to_server,established;  content:""GET http|3A 2F 2F|"",depth 11;  base64_decode:relative;  base64_data;  content:""clk="";  content:""&bid="",distance 0;  content:""&aid="",within 5,distance 40;  content:""&sid="",distance 0;  content:""&rd="",distance 0;  content:""&x86="",distance 0;  metadata:impact_flag red,ruleset community;  service:http;  reference:url,www.damballa.com/tdl4/;  classtype:trojan-activity;  sid:21442;  rev:6;  )","['T1001', 'T1132']"
56,22061,"alert tcp $EXTERNAL_NET $HTTP_PORTS -> $HOME_NET any ( msg:""MALWARE-OTHER Alureon - Malicious IFRAME load attempt"";  flow:to_client,established;  file_data;  content:""name=|5C 22|Twitter|5C 22| scrolling=|5C 22|auto|5C 22| frameborder=|5C 22|no|5C 22| align=|5C 22|center|5C 22| height = |5C 22|1px|5C 22| width = |5C 22|1px|5C 22|>"",fast_pattern,nocase;  metadata:policy balanced-ips alert,policy max-detect-ips drop,policy security-ips drop,ruleset community;  service:http;  classtype:trojan-activity;  sid:22061;  rev:8;  )",['T1102']
57,23481,"alert tcp $EXTERNAL_NET $FILE_DATA_PORTS -> $HOME_NET any ( msg:""INDICATOR-OBFUSCATION hex escaped characters in setTimeout call"";  flow:to_client,established;  file_data;  content:""setTimeout|28|"",nocase;  content:""|5C|x"",within 10,nocase;  content:""|5C|x"",within 10,nocase;  pcre:""/setTimeout\x28[\x22\x27][^\x2C]*?\x5cx[\da-f]{2}[^\x2C]*?[\da-f]{2,}\x5cx[\da-f]{2}/ims"";  metadata:policy max-detect-ips drop,ruleset community;  service:ftp-data,http,imap,pop3;  classtype:bad-unknown;  sid:23481;  rev:6;  )","['T1027', 'T1140']"
58,23482,"alert tcp $EXTERNAL_NET $FILE_DATA_PORTS -> $HOME_NET any ( msg:""INDICATOR-OBFUSCATION hex escaped characters in addEventListener call"";  flow:to_client,established;  file_data;  content:""addEventListener|28|"",nocase;  content:""|5C|x"",within 10,nocase;  content:""|5C|x"",within 10,nocase;  pcre:""/addEventListener\x28[\x22\x27][^\x2C]*?\x5cx[\da-f]{2}[^\x2C]*?[\da-f]{2,}\x5cx[\da-f]{2}/ims"";  metadata:policy max-detect-ips drop,ruleset community;  service:ftp-data,http,imap,pop3;  classtype:bad-unknown;  sid:23482;  rev:6;  )","['T1027', 'T1140']"
59,23621,"alert tcp $EXTERNAL_NET $FILE_DATA_PORTS -> $HOME_NET any ( msg:""INDICATOR-OBFUSCATION known packer routine with secondary obfuscation"";  flow:to_client,established;  file_data;  content:""eval(function(p,a,c,k,e,r)"",fast_pattern,nocase;  metadata:policy max-detect-ips drop,ruleset community;  service:ftp-data,http,imap,pop3;  reference:url,dean.edwards.name/packer/;  classtype:misc-activity;  sid:23621;  rev:9;  )","['T1027', 'T1140']"
60,23636,"alert tcp $EXTERNAL_NET $FILE_DATA_PORTS -> $HOME_NET any ( msg:""INDICATOR-OBFUSCATION JavaScript built-in function parseInt appears obfuscated - likely packer or encoder"";  flow:to_client,established;  file_data;  content:""|5B 27|parse|27 2B 27|Int|27 5D 28|"",fast_pattern,nocase;  metadata:policy max-detect-ips drop,ruleset community;  service:ftp-data,http,imap,pop3;  reference:url,snort.org/rule_docs/1-23636;  classtype:trojan-activity;  sid:23636;  rev:11;  )","['T1027', 'T1140']"
61,25503,"alert tcp $HOME_NET any -> $EXTERNAL_NET $HTTP_PORTS ( msg:""MALWARE-CNC Necurs Rootkit sba.cgi"";  flow:to_server,established;  http_method;  content:""POST"";  http_raw_uri;  bufferlen:16;  http_uri;  content:""/cgi-bin/sba.cgi"",fast_pattern,nocase;  http_client_body;  pcre:""/[^\x20-\x7e\x0d\x0a]{4}/"";  metadata:ruleset community;  service:http;  reference:url,www.virustotal.com/file/b1e6f0cad0ae5c60e9e4fa18fd3b4a045d6db172c10a1c8e054e22d1aff4c673/analysis/;  classtype:trojan-activity;  sid:25503;  rev:4;  )",['T1014']
62,25504,"alert tcp $HOME_NET any -> $EXTERNAL_NET $HTTP_PORTS ( msg:""MALWARE-CNC Necurs Rootkit op.cgi"";  flow:to_server,established;  http_method;  content:""POST"";  http_raw_uri;  bufferlen:15;  http_uri;  content:""/cgi-bin/op.cgi"",fast_pattern,nocase;  http_client_body;  pcre:""/[^\x20-\x7e\x0d\x0a]{4}/"";  metadata:ruleset community;  service:http;  reference:url,www.virustotal.com/file/b1e6f0cad0ae5c60e9e4fa18fd3b4a045d6db172c10a1c8e054e22d1aff4c673/analysis/;  classtype:trojan-activity;  sid:25504;  rev:4;  )",['T1014']
63,25577,"alert tcp $HOME_NET any -> $EXTERNAL_NET $HTTP_PORTS ( msg:""MALWARE-CNC Win.Rootkit.Necurs possible URI with encrypted POST"";  flow:to_server,established;  http_method;  content:""POST"";  http_raw_uri;  bufferlen:15;  http_uri;  content:""/admin/host.php"",fast_pattern,nocase;  http_client_body;  pcre:""/[^\x0d\x0a\x09\x20-\x7e]{4}/"";  metadata:ruleset community;  service:http;  reference:url,www.virustotal.com/file/98fb9778208cb74c11a71afd065ae64e562ded1ae477ad42e392fe3711170319/analysis/;  classtype:trojan-activity;  sid:25577;  rev:4;  )",['T1014']
64,25578,"alert tcp $EXTERNAL_NET $HTTP_PORTS -> $HOME_NET any ( msg:""MALWARE-OTHER Fake postal receipt HTTP Response phishing attack"";  flow:to_client,established;  http_header;  content:""|3B 20|filename=PostalReceipt.zip|0D 0A|"",fast_pattern,nocase;  file_data;  content:""PostalReceipt.exe"";  metadata:impact_flag red,policy balanced-ips drop,policy max-detect-ips drop,policy security-ips drop,ruleset community;  service:http;  reference:url,www.urlquery.net/search.php?q=receipt&type=string&start=2013-01-03&end=2013-01-18&max=50;  classtype:trojan-activity;  sid:25578;  rev:4;  )",['T1566']
65,25579,"alert tcp $EXTERNAL_NET $HTTP_PORTS -> $HOME_NET any ( msg:""MALWARE-OTHER Fake bookinginfo HTTP Response phishing attack"";  flow:to_client,established;  http_header;  content:""|3B 20|filename=BookingInfo.zip|0D 0A|"",fast_pattern,nocase;  file_data;  content:""BookingInfo.exe"";  metadata:impact_flag red,policy balanced-ips drop,policy max-detect-ips drop,policy security-ips drop,ruleset community;  service:http;  reference:url,www.urlquery.net/search.php?q=receipt&type=string&start=2013-01-03&end=2013-01-18&max=50;  classtype:trojan-activity;  sid:25579;  rev:4;  )",['T1566']
66,25580,"alert tcp $EXTERNAL_NET $HTTP_PORTS -> $HOME_NET any ( msg:""MALWARE-OTHER Fake bookingdetails HTTP Response phishing attack"";  flow:to_client,established;  http_header;  content:""|3B 20|filename=BookingDetails.zip|0D 0A|"",fast_pattern,nocase;  file_data;  content:""BookingDetails.exe"";  metadata:impact_flag red,policy balanced-ips drop,policy max-detect-ips drop,policy security-ips drop,ruleset community;  service:http;  reference:url,www.urlquery.net/search.php?q=receipt&type=string&start=2013-01-03&end=2013-01-18&max=50;  classtype:trojan-activity;  sid:25580;  rev:4;  )",['T1566']
67,26261,"alert tcp $EXTERNAL_NET $HTTP_PORTS -> $HOME_NET any ( msg:""MALWARE-OTHER Fake postal receipt HTTP Response phishing attack"";  flow:to_client,established;  http_header;  content:""|3B 20|filename=Postal-Receipt.zip|0D 0A|"",fast_pattern,nocase;  file_data;  content:""Postal-Receipt.exe"";  metadata:impact_flag red,policy balanced-ips drop,policy max-detect-ips drop,policy security-ips drop,ruleset community;  service:http;  reference:url,www.urlquery.net/search.php?q=receipt&type=string&start=2013-01-03&end=2013-01-18&max=50;  classtype:trojan-activity;  sid:26261;  rev:3;  )",['T1566']
68,26286,"alert tcp $HOME_NET any -> $EXTERNAL_NET $HTTP_PORTS ( msg:""APP-DETECT Absolute Software Computrace outbound connection - search.dnssearch.org"";  flow:to_server,established;  http_header;  content:""Host|3A| search.dnssearch.org|0D 0A|"",fast_pattern,nocase;  content:""TagId: "";  metadata:policy max-detect-ips drop,policy security-ips drop,ruleset community;  service:http;  reference:url,absolute.com/support/consumer/technology_computrace;  reference:url,www.blackhat.com/presentations/bh-usa-09/ORTEGA/BHUSA09-Ortega-DeactivateRootkit-PAPER.pdf;  classtype:misc-activity;  sid:26286;  rev:6;  )",['T1014']
69,26287,"alert tcp $HOME_NET any -> $EXTERNAL_NET $HTTP_PORTS ( msg:""APP-DETECT Absolute Software Computrace outbound connection - search.namequery.com"";  flow:to_server,established;  http_header;  content:""Host|3A| search.namequery.com|0D 0A|"",fast_pattern,nocase;  content:""TagId: "";  metadata:policy max-detect-ips drop,policy security-ips drop,ruleset community;  service:http;  reference:url,absolute.com/support/consumer/technology_computrace;  reference:url,www.blackhat.com/presentations/bh-usa-09/ORTEGA/BHUSA09-Ortega-DeactivateRootkit-PAPER.pdf;  classtype:misc-activity;  sid:26287;  rev:6;  )",['T1014']
70,26660,"alert tcp $EXTERNAL_NET $HTTP_PORTS -> $HOME_NET any ( msg:""MALWARE-OTHER Fake delivery information phishing attack"";  flow:to_client,established;  http_header;  content:""|3B| filename="";  content:""Delivery_Information_ID-"",fast_pattern,nocase;  file_data;  content:""Delivery_Information_ID-"";  content:"".exe"",within 50;  metadata:impact_flag red,policy balanced-ips drop,policy max-detect-ips drop,policy security-ips drop,ruleset community;  service:http;  classtype:trojan-activity;  sid:26660;  rev:3;  )",['T1566']
71,26774,"alert tcp $HOME_NET any -> $EXTERNAL_NET $HTTP_PORTS ( msg:""MALWARE-CNC Win.Worm.Luder variant outbound connection"";  flow:to_server,established;  http_uri;  content:""/loader.cpl"",fast_pattern,nocase;  pcre:""/\/loader\.cpl$/"";  http_header;  content:""|3B 20|MSIE|20|"";  content:!""|0D 0A|Accept-Language:"";  metadata:impact_flag red,ruleset community;  service:http;  reference:url,www.virustotal.com/en/file/6077fd6cbb44c78a16d66fedb10492c7776127dc76ee071b051970971212bae8/analysis/;  classtype:trojan-activity;  sid:26774;  rev:4;  )",['T1196']
72,27538,"alert tcp $EXTERNAL_NET 443 -> $HOME_NET any ( msg:""MALWARE-OTHER self-signed SSL certificate with default MyCompany Ltd organization name"";  flow:to_client,established;  ssl_state:server_hello;  content:""|55 04 0A|"";  content:""|0E|MyCompany Ltd"",within 14,distance 1;  metadata:impact_flag red,policy max-detect-ips drop,ruleset community;  service:ssl;  reference:url,en.wikipedia.org/wiki/Self-signed_certificate;  reference:url,security.ncsa.illinois.edu/research/grid-howtos/usefulopenssl.html;  classtype:policy-violation;  sid:27538;  rev:4;  )",['T1078']
73,27774,"alert tcp $HOME_NET any -> $EXTERNAL_NET $HTTP_PORTS ( msg:""MALWARE-CNC RDN Banker Data Exfiltration"";  flow:to_server,established;  http_method;  content:""POST"";  http_client_body;  content:""|3B| name=|22|arquivo|22 3B| filename=|22|C:|5C|"",fast_pattern,nocase;  content:""_.log|22 0D 0A|"";  metadata:impact_flag red,ruleset community;  service:http;  classtype:trojan-activity;  sid:27774;  rev:3;  )",['T1020']
74,27919,"alert tcp $HOME_NET any -> $EXTERNAL_NET $HTTP_PORTS ( msg:""MALWARE-CNC Win.Trojan.Zeus encrypted POST Data exfiltration"";  flow:to_server,established;  http_header;  content:""Accept-Encoding|3A| identity, *|3B|q=0|0D 0A|"",fast_pattern,nocase;  content:""|3B| MSIE "";  http_client_body;  pcre:""/[^ -~\r\n]{4}/"";  metadata:impact_flag red,ruleset community;  service:http;  reference:url,www.virustotal.com/en/file/8825abfca1a6d843ce5670858886cb63bb1317ddbb92f91ffd46cfdcaba9ac00/analysis/;  classtype:trojan-activity;  sid:27919;  rev:5;  )",['T1020']
75,27966,"alert tcp $EXTERNAL_NET any -> $HOME_NET $HTTP_PORTS ( msg:""MALWARE-CNC Win.Backdoor.Chopper web shell connection"";  flow:to_server,established;  http_header;  content:""X-Forwarded-For"",nocase;  http_client_body;  content:""=Response"",nocase;  content:""FromBase64String"",nocase;  metadata:impact_flag red,policy balanced-ips drop,policy max-detect-ips drop,policy security-ips drop,ruleset community;  service:http;  reference:url,informationonsecurity.blogspot.com/2012/11/china-chopper-webshell.html;  reference:url,www.virustotal.com/en/file/BE24561427D754C0C150272CAB5017D5A2DA64D41BEC74416B8AE363FB07FD77/analysis/;  classtype:trojan-activity;  sid:27966;  rev:7;  )",['T1505']
76,27967,"alert tcp $EXTERNAL_NET any -> $HOME_NET $HTTP_PORTS ( msg:""MALWARE-CNC Win.Backdoor.Chopper web shell connection"";  flow:to_server,established;  http_header;  content:""X-Forwarded-For"",nocase;  http_client_body;  content:""caidao="",fast_pattern,nocase;  pcre:""/caidao\s?=\s?(Response|Write|Execute)/im"";  metadata:impact_flag red,policy balanced-ips drop,policy max-detect-ips drop,policy security-ips drop,ruleset community;  service:http;  reference:url,informationonsecurity.blogspot.com/2012/11/china-chopper-webshell.html;  reference:url,www.virustotal.com/en/file/BE24561427D754C0C150272CAB5017D5A2DA64D41BEC74416B8AE363FB07FD77/analysis/;  classtype:trojan-activity;  sid:27967;  rev:6;  )",['T1505']
77,27968,"alert tcp $EXTERNAL_NET any -> $HOME_NET $HTTP_PORTS ( msg:""MALWARE-CNC Win.Backdoor.Chopper web shell connection"";  flow:to_server,established;  http_header;  content:""X-Forwarded-For"",nocase;  http_client_body;  content:""=Execute"",nocase;  content:""On+Error+Resume+Next:"",fast_pattern,nocase;  metadata:impact_flag red,policy balanced-ips drop,policy max-detect-ips drop,policy security-ips drop,ruleset community;  service:http;  reference:url,informationonsecurity.blogspot.com/2012/11/china-chopper-webshell.html;  reference:url,www.virustotal.com/en/file/BE24561427D754C0C150272CAB5017D5A2DA64D41BEC74416B8AE363FB07FD77/analysis/;  classtype:trojan-activity;  sid:27968;  rev:7;  )",['T1505']
78,28255,"alert tcp $HOME_NET any -> $EXTERNAL_NET $HTTP_PORTS ( msg:""MALWARE-CNC Win.Trojan.Kuluoz Potential phishing URL"";  flow:to_server,established;  http_uri;  content:""/get.php?invite="",fast_pattern,nocase;  http_header;  content:""Accept-Encoding: gzip"";  http_uri;  pcre:""/^\/get.php\?invite=.*?=$/m"";  http_header;  content:!""Referer:"";  metadata:impact_flag red,ruleset community;  service:http;  reference:url,urlquery.net/search.php?q=get.php%3Finvite%3D&type=string&start=2013-10-01&end=2013-10-16&max=50;  reference:url,www.virustotal.com/en/file/93a40a83977ca24df6e12d7d6f19a9b9d92cb3ea3174ea9d4398ad2048205c42/analysis/;  classtype:trojan-activity;  sid:28255;  rev:4;  )",['T1566']
79,28323,"alert tcp $EXTERNAL_NET any -> $HOME_NET $HTTP_PORTS ( msg:""MALWARE-CNC Win.Backdoor.Chopper web shell connection"";  flow:to_server,established;  http_header;  content:""X-Forwarded-For"",nocase;  http_client_body;  content:""FromBase64String"";  content:""z"",within 200,nocase;  pcre:""/z\d{1,3}/i"";  metadata:impact_flag red,policy balanced-ips drop,policy max-detect-ips drop,policy security-ips drop,ruleset community;  service:http;  reference:url,informationonsecurity.blogspot.com/2012/11/china-chopper-webshell.html;  reference:url,www.virustotal.com/en/file/BE24561427D754C0C150272CAB5017D5A2DA64D41BEC74416B8AE363FB07FD77/analysis/;  classtype:trojan-activity;  sid:28323;  rev:8;  )",['T1505']
80,28344,"alert tcp $EXTERNAL_NET any -> $HOME_NET $HTTP_PORTS ( msg:""INDICATOR-OBFUSCATION large number of calls to chr function - possible sql injection obfuscation"";  flow:to_server,established;  http_method;  content:""GET"";  http_uri;  content:""CHR("",nocase;  content:""CHR("",distance 0,nocase;  content:""CHR("",distance 0,nocase;  content:""CHR("",distance 0,nocase;  content:""CHR("",distance 0,nocase;  metadata:policy max-detect-ips drop,ruleset community;  service:http;  reference:url,isc.sans.org/diary.html?storyid=3823;  classtype:web-application-attack;  sid:28344;  rev:4;  )","['T1027', 'T1140', 'T1190']"
81,28345,"alert tcp $EXTERNAL_NET $HTTP_PORTS -> $HOME_NET any ( msg:""INDICATOR-OBFUSCATION Javascript obfuscation - split - seen in IFRAMEr Tool attack"";  flow:to_client,established;  file_data;  content:""ps=|22|split|22 3B|asd=function()"",fast_pattern,nocase;  metadata:policy balanced-ips drop,policy max-detect-ips drop,policy security-ips drop,ruleset community;  service:http;  classtype:trojan-activity;  sid:28345;  rev:3;  )","['T1027', 'T1140']"
82,28346,"alert tcp $EXTERNAL_NET $HTTP_PORTS -> $HOME_NET any ( msg:""INDICATOR-OBFUSCATION Javascript obfuscation - seen in IFRAMEr Tool attack"";  flow:to_client,established;  file_data;  content:""aq=|22|0x|22 3B|ff=String|3B|"",fast_pattern,nocase;  metadata:policy balanced-ips drop,policy max-detect-ips drop,policy security-ips drop,ruleset community;  service:http;  classtype:trojan-activity;  sid:28346;  rev:3;  )","['T1027', 'T1140']"
83,28420,"alert tcp $EXTERNAL_NET $HTTP_PORTS -> $HOME_NET any ( msg:""INDICATOR-OBFUSCATION Javascript obfuscation - createElement - seen in IFRAMEr Tool attack"";  flow:to_client,established;  file_data;  content:""|22|c|22|+|22|r|22 3A|2+|22|e|22|+|22|a|22|+|22|t|22|+|22|e|22|+|22|E|22|+|22|l|22|+|22|e|22|+|22|m|22|+((f)?|22|e|22|+|22|n|22|+|22|t|22 3A 22 22|"",fast_pattern,nocase;  metadata:policy balanced-ips drop,policy max-detect-ips drop,policy security-ips drop,ruleset community;  service:http;  classtype:trojan-activity;  sid:28420;  rev:3;  )","['T1027', 'T1140']"
84,28421,"alert tcp $EXTERNAL_NET $HTTP_PORTS -> $HOME_NET any ( msg:""INDICATOR-OBFUSCATION Javascript obfuscation - fromCharCode - seen in IFRAMEr Tool attack"";  flow:to_client,established;  file_data;  content:""|22|fr|22|+|22|omCh|22|+|22|arCo|22|+|22|de|22|"",fast_pattern,nocase;  metadata:policy balanced-ips drop,policy max-detect-ips drop,policy security-ips drop,ruleset community;  service:http;  classtype:trojan-activity;  sid:28421;  rev:3;  )","['T1027', 'T1140']"
85,28552,"alert udp $EXTERNAL_NET 2425 -> $HOME_NET 2425 ( msg:""INDICATOR-SCAN inbound probing for IPTUX messenger port "";  flow:to_server;  content:""iptux"",depth 5,offset 2;  content:""lws|3A|lws"",within 7,distance 9;  metadata:policy max-detect-ips drop,ruleset community;  reference:url,github.com/iptux-src/iptux;  classtype:misc-activity;  sid:28552;  rev:3;  )","['T1018', 'T1040', 'T1046']"
86,28976,"alert tcp $HOME_NET any -> $EXTERNAL_NET $HTTP_PORTS ( msg:""MALWARE-CNC Win.Trojan.Agent.DF - Data Exfiltration"";  flow:to_server,established;  http_client_body;  content:""|3B| name=|22|arquivo|22 3B| filename=|22|C:|5C|"",fast_pattern,nocase;  content:""|0D 0A|TP="";  content:""|0D 0A|LGSN="",distance 0;  metadata:impact_flag red,ruleset community;  service:http;  reference:url,www.virustotal.com/en/file/b9587fc86f1459ccf7b096b6bf68b4fcc165946a86f3ed9ce84c61907aa99dae/analysis/1386599712/;  classtype:trojan-activity;  sid:28976;  rev:3;  )",['T1020']
87,29031,"alert tcp $EXTERNAL_NET $HTTP_PORTS -> $HOME_NET any ( msg:""MALWARE-CNC Win.Trojan.Banload variant inbound connection"";  flow:to_client,established;  http_header;  content:""/avcheck.exe|0D 0A 0D 0A|"",fast_pattern,nocase;  content:""|0D 0A|Location: https://dl.dropboxusercontent.com/"";  pcre:""/\r\nLocation\x3a\x20https\x3a\x2f{2}dl\.dropboxusercontent\.com\/[a-zA-Z\d\x2f]{5,32}\/avcheck\.exe\r\n\r\n$/"";  metadata:impact_flag red,ruleset community;  service:http;  reference:url,www.virustotal.com/en/file/30032d2b7fd928392837eeb814cf1e2add0d80b0e17b8dbfec2e2c3be9164cf6/analysis/;  classtype:trojan-activity;  sid:29031;  rev:5;  )",['T1102']
88,29261,"alert tcp $HOME_NET any -> $EXTERNAL_NET $HTTP_PORTS ( msg:""MALWARE-CNC Win.Trojan.Dropper variant outbound connection"";  flow:to_server,established;  http_uri;  bufferlen:19;  content:""/FileToDownload.exe"",fast_pattern,nocase;  http_header;  content:""Host: dl.dropbox.com|0D 0A|"";  content:!""Accept"";  content:!""User-Agent"";  metadata:impact_flag red,ruleset community;  service:http;  reference:url,file-analyzer.net/analysis/1087/5386/0/html;  reference:url,www.virustotal.com/en/file/913cc54750e8bb6b88d5ccbfc988e0107f80ad14ba4d052a3f3db11ccfd8ce4a/analysis/;  classtype:trojan-activity;  sid:29261;  rev:3;  )",['T1102']
89,29379,"alert tcp $HOME_NET any -> $EXTERNAL_NET [777,778] ( msg:""MALWARE-CNC Win.Trojan.Dropper outbound encrypted traffic - potential exfiltration"";  flow:to_server,established;  isdataat:1440;  content:""|03 2B 82 86 02 A0 05|"",fast_pattern,nocase;  metadata:ruleset community;  reference:url,www.virustotal.com/en/file/20b49af8b750a1899117827476402ccaf7095fb5b7aad2e96c8109290da453cb/analysis/;  reference:url,www.virustotal.com/en/file/559e8dbe388c8c103996b208eb5532e295da717f84b4a7ddf5c9885de8115606/analysis/;  classtype:trojan-activity;  sid:29379;  rev:3;  )",['T1020']
90,29396,"alert tcp $EXTERNAL_NET $HTTP_PORTS -> $HOME_NET any ( msg:""POLICY-SPAM Potential phishing attack - .zip receipt filename download with .exe name within .zip the same "";  flow:to_client,established;  http_header;  content:""Receipt"",fast_pattern,nocase;  content:"".zip"";  pcre:""/\sfilename=[a-z0-9]{0,20}receipt[a-z0-9]{0,20}\.zip/i"";  file_data;  content:""PK"",depth 2;  content:"".exe"",within 50;  metadata:policy max-detect-ips drop,ruleset community;  service:http;  classtype:trojan-activity;  sid:29396;  rev:4;  )",['T1566']
91,29397,"alert tcp $EXTERNAL_NET $HTTP_PORTS -> $HOME_NET any ( msg:""POLICY-SPAM Potential phishing attack - .zip shipping filename download with .exe name within .zip the same "";  flow:to_client,established;  http_header;  content:""Shipping"",fast_pattern,nocase;  content:"".zip"";  pcre:""/\sfilename=[a-z0-9]{0,20}shipping[a-z0-9]{0,20}\.zip/i"";  file_data;  content:""PK"",depth 2;  content:"".exe"",within 50;  metadata:policy max-detect-ips drop,ruleset community;  service:http;  classtype:trojan-activity;  sid:29397;  rev:4;  )",['T1566']
92,29398,"alert tcp $EXTERNAL_NET $HTTP_PORTS -> $HOME_NET any ( msg:""POLICY-SPAM Potential phishing attack - .zip voicemail filename download with .exe name within .zip the same "";  flow:to_client,established;  http_header;  content:""voicemail"",fast_pattern,nocase;  content:"".zip"";  pcre:""/\sfilename=[a-z0-9]{0,20}voicemail[a-z0-9]{0,20}\.zip/i"";  file_data;  content:""PK"",depth 2;  content:"".exe"",within 50;  metadata:policy max-detect-ips drop,ruleset community;  service:http;  classtype:trojan-activity;  sid:29398;  rev:4;  )",['T1566']
93,29399,"alert tcp $EXTERNAL_NET $HTTP_PORTS -> $HOME_NET any ( msg:""POLICY-SPAM Potential phishing attack - .zip statement filename download with .exe name within .zip the same "";  flow:to_client,established;  http_header;  content:""statement"",fast_pattern,nocase;  content:"".zip"";  pcre:""/\sfilename=[a-z0-9]{0,20}statement[a-z0-9]{0,20}\.zip/i"";  file_data;  content:""PK"",depth 2;  content:"".exe"",within 50;  metadata:policy max-detect-ips drop,ruleset community;  service:http;  classtype:trojan-activity;  sid:29399;  rev:4;  )",['T1566']
94,29789,"alert tcp $HOME_NET any -> $EXTERNAL_NET $HTTP_PORTS ( msg:""MALWARE-CNC Win.Trojan.Careto plugin download"";  flow:to_server,established;  http_uri;  content:""/ag/plugin.crx"",fast_pattern,nocase;  metadata:impact_flag red,ruleset community;  service:http;  reference:url,www.virustotal.com/en/file/19e818d0da361c4feedd456fca63d68d4b024fbbd3d9265f606076c7ee72e8f8/analysis/;  classtype:trojan-activity;  sid:29789;  rev:4;  )",['T1176']
95,29790,"alert tcp $HOME_NET any -> $EXTERNAL_NET $HTTP_PORTS ( msg:""MALWARE-CNC Win.Trojan.Careto plugin download"";  flow:to_server,established;  http_uri;  content:""/l/af_l_addon.xpi"",fast_pattern,nocase;  metadata:impact_flag red,ruleset community;  service:http;  reference:url,www.virustotal.com/en/file/19e818d0da361c4feedd456fca63d68d4b024fbbd3d9265f606076c7ee72e8f8/analysis/;  classtype:trojan-activity;  sid:29790;  rev:4;  )",['T1176']
96,29791,"alert tcp $HOME_NET any -> $EXTERNAL_NET $HTTP_PORTS ( msg:""MALWARE-CNC Win.Trojan.Careto plugin download"";  flow:to_server,established;  http_uri;  content:""/m/f_l_addon.xpi"",fast_pattern,nocase;  metadata:impact_flag red,ruleset community;  service:http;  reference:url,www.virustotal.com/en/file/19e818d0da361c4feedd456fca63d68d4b024fbbd3d9265f606076c7ee72e8f8/analysis/;  classtype:trojan-activity;  sid:29791;  rev:4;  )",['T1176']
97,29869,"alert tcp $EXTERNAL_NET $HTTP_PORTS -> $HOME_NET any ( msg:""MALWARE-CNC Win.Trojan.Napolar phishing attack"";  flow:to_client,established;  content:""facebook.com.exe"",fast_pattern,nocase;  metadata:ruleset community;  service:http;  reference:url,www.virustotal.com/en/file/58762cf6aa8eea5744716986773a2c22ae7412eae634be7bed648c96465bc8ef/analysis/;  classtype:trojan-activity;  sid:29869;  rev:4;  )",['T1566']
98,30003,"alert tcp $HOME_NET any -> $EXTERNAL_NET $HTTP_PORTS ( msg:""EXPLOIT-KIT Hello/LightsOut exploit kit payload download attempt"";  flow:to_server,established;  http_uri;  content:"".php?a=dw"",fast_pattern,nocase;  pcre:""/\?a=dw[a-z]$/"";  http_header;  content:"" Java/1."";  flowbits:set,file.exploit_kit.pe;  metadata:policy balanced-ips drop,policy max-detect-ips drop,policy security-ips drop,ruleset community;  service:http;  reference:cve,2011-1255;  reference:cve,2012-1723;  reference:cve,2013-1489;  reference:url,blogs.cisco.com/security/watering-hole-attacks-target-energy-sector/;  reference:url,jsunpack.jeek.org/?report=2a298ffa14fd2772bd646bd559f610b0c3b51862;  reference:url,jsunpack.jeek.org/?report=977b49ea5dc5ef85d8f50d1f1222befee8bf3581;  classtype:trojan-activity;  sid:30003;  rev:6;  )",['T1189']
99,30567,"alert tcp $EXTERNAL_NET $HTTP_PORTS -> $HOME_NET any ( msg:""MALWARE-OTHER Win.Trojan.Agent E-FAX phishing attempt"";  flow:to_client,established;  flowbits:isset,file.zip;  file_data;  content:""pdf_efax_"",fast_pattern,nocase;  content:""PK"",depth 2;  content:"".pif"",distance 0,nocase;  metadata:impact_flag red,policy balanced-ips drop,policy max-detect-ips drop,policy security-ips drop,ruleset community;  service:http;  reference:url,www.virustotal.com/en/file/4e102fd6fce767fa6c0d0a9871bb71ec5969ded694a9292c2c8a9749e5648ed4/analysis/;  classtype:trojan-activity;  sid:30567;  rev:3;  )",['T1566']
100,30568,"alert tcp $HOME_NET any -> $EXTERNAL_NET $HTTP_PORTS ( msg:""MALWARE-OTHER Win.Trojan.Agent E-FAX phishing attempt"";  flow:to_server,established;  http_uri;  content:""/cache/pdf_efax_"",fast_pattern,nocase;  pcre:""/\/cache\/pdf\x5Fefax\x5F\d{8,15}\.zip$/i"";  metadata:impact_flag red,policy balanced-ips drop,policy max-detect-ips drop,policy security-ips drop,ruleset community;  service:http;  reference:url,www.virustotal.com/en/file/4e102fd6fce767fa6c0d0a9871bb71ec5969ded694a9292c2c8a9749e5648ed4/analysis/;  classtype:trojan-activity;  sid:30568;  rev:3;  )",['T1566']
101,30569,"alert tcp $EXTERNAL_NET $HTTP_PORTS -> $HOME_NET any ( msg:""MALWARE-OTHER Win.Trojan.Agent Funeral ceremony phishing attempt"";  flow:to_client,established;  http_header;  content:""filename=FuneralCeremony_"",fast_pattern,nocase;  content:"".zip"",nocase;  file_data;  content:""FuneralCeremony_"";  content:"".exe"",distance 0,nocase;  metadata:policy balanced-ips drop,policy max-detect-ips drop,policy security-ips drop,ruleset community;  service:http;  reference:url,www.virustotal.com/en/file/285ec7e2f8cbaed5d8cebde56bb6d44a921eb4e8384981832822329d8ccfb125/analysis/1395241815/;  classtype:trojan-activity;  sid:30569;  rev:3;  )",['T1566']
102,31070,"alert tcp $HOME_NET any -> $EXTERNAL_NET $HTTP_PORTS ( msg:""MALWARE-CNC Win.Rootkit.Necurs outbound connection"";  flow:to_server,established;  http_method;  content:""POST"";  http_raw_uri;  bufferlen:15;  http_uri;  content:""/docs/index.php"",fast_pattern,nocase;  http_header;  content:""Content-Type|3A 20|application/octet-stream"";  content:!""User-Agent|3A 20|"";  content:!""Accept|3A 20|"";  content:!""Referer|3A 20|"";  metadata:impact_flag red,ruleset community;  service:http;  reference:url,www.virustotal.com/en/file/b47a1bdf5e53f4a754413d2461f7db9a4c7d1e0845c1f676b5399061e3dc1a4b/analysis/;  classtype:trojan-activity;  sid:31070;  rev:4;  )",['T1014']
103,31830,"alert tcp $EXTERNAL_NET any -> $HOME_NET $FTP_PORTS ( msg:""POLICY-OTHER QLogic Switch 5600/5800 default ftp login attempt"";  flow:to_server,established;  content:""PASS|20|images|0D 0A|"";  flowbits:isset,qlogic_default_ftp;  metadata:policy balanced-ips drop,policy max-detect-ips drop,policy security-ips drop,ruleset community;  service:ftp;  reference:url,filedownloads.qlogic.com/files/Manual/81355/UserGuide_5800V_Series_QuickTools_v80_59264-02B.pdf;  reference:url,filedownloads.qlogic.com/files/manual/67941/QuickTools_Guide_Sb5600_Series_v74_59235-03_%5BA%5D.pdf;  classtype:default-login-attempt;  sid:31830;  rev:3;  )",['T1078']
104,31831,"alert tcp $EXTERNAL_NET any -> $HOME_NET $FTP_PORTS ( msg:""POLICY-OTHER QLogic Switch 5600/5800 default ftp login attempt"";  flow:to_server,established;  content:""USER|20|images|0D 0A|"";  flowbits:set,qlogic_default_ftp;  flowbits:noalert;  metadata:policy balanced-ips alert,policy security-ips alert,ruleset community;  service:ftp;  reference:url,filedownloads.qlogic.com/files/Manual/81355/UserGuide_5800V_Series_QuickTools_v80_59264-02B.pdf;  reference:url,filedownloads.qlogic.com/files/manual/67941/QuickTools_Guide_Sb5600_Series_v74_59235-03_%5BA%5D.pdf;  classtype:default-login-attempt;  sid:31831;  rev:9;  )",['T1078']
105,32008,"alert tcp $EXTERNAL_NET $HTTP_PORTS -> $HOME_NET any ( msg:""MALWARE-OTHER Fake Delta Ticket HTTP Response phishing attack"";  flow:to_client,established;  file_data;  content:""PK"",depth 2;  content:""DeltaTicket_ET-RM-"",distance 0,nocase;  content:"".exe"",distance 0,nocase;  metadata:impact_flag red,policy balanced-ips drop,policy max-detect-ips drop,policy security-ips drop,ruleset community;  service:http;  reference:url,www.satinfo.es/blog/tag/deltaticket_et-rm-0hj423891156-exe;  classtype:trojan-activity;  sid:32008;  rev:3;  )",['T1566']
106,32845,"alert tcp $HOME_NET any -> $EXTERNAL_NET $HTTP_PORTS ( msg:""APP-DETECT Absolute Software Computrace outbound connection - 209.53.113.223"";  flow:to_server,established;  http_header;  content:""Host|3A| 209.53.113.223|0D 0A|"",fast_pattern,nocase;  content:""TagId: "";  metadata:policy max-detect-ips drop,policy security-ips drop,ruleset community;  service:http;  reference:url,absolute.com/support/consumer/technology_computrace;  reference:url,www.blackhat.com/docs/us-14/materials/us-14-Kamlyuk-Kamluk-Computrace-Backdoor-Revisited.pdf;  reference:url,www.blackhat.com/presentations/bh-usa-09/ORTEGA/BHUSA09-Ortega-DeactivateRootkit-PAPER.pdf;  classtype:misc-activity;  sid:32845;  rev:3;  )",['T1014']
107,32846,"alert tcp $HOME_NET any -> $EXTERNAL_NET $HTTP_PORTS ( msg:""APP-DETECT Absolute Software Computrace outbound connection - absolute.com"";  flow:to_server,established;  http_header;  content:"".absolute.com|0D 0A|"",fast_pattern,nocase;  content:""TagId: "";  pcre:""/^m\d+\.absolute\.com$/i"";  metadata:policy max-detect-ips drop,policy security-ips drop,ruleset community;  service:http;  reference:url,absolute.com/support/consumer/technology_computrace;  reference:url,www.blackhat.com/docs/us-14/materials/us-14-Kamlyuk-Kamluk-Computrace-Backdoor-Revisited.pdf;  reference:url,www.blackhat.com/presentations/bh-usa-09/ORTEGA/BHUSA09-Ortega-DeactivateRootkit-PAPER.pdf;  classtype:misc-activity;  sid:32846;  rev:3;  )",['T1014']
108,32847,"alert tcp $HOME_NET any -> $EXTERNAL_NET $HTTP_PORTS ( msg:""APP-DETECT Absolute Software Computrace outbound connection - bh.namequery.com"";  flow:to_server,established;  http_header;  content:""Host|3A| bh.namequery.com|0D 0A|"",fast_pattern,nocase;  content:""TagId: "";  metadata:policy max-detect-ips drop,policy security-ips drop,ruleset community;  service:http;  reference:url,absolute.com/support/consumer/technology_computrace;  reference:url,www.blackhat.com/docs/us-14/materials/us-14-Kamlyuk-Kamluk-Computrace-Backdoor-Revisited.pdf;  reference:url,www.blackhat.com/presentations/bh-usa-09/ORTEGA/BHUSA09-Ortega-DeactivateRootkit-PAPER.pdf;  classtype:misc-activity;  sid:32847;  rev:3;  )",['T1014']
109,32848,"alert tcp $HOME_NET any -> $EXTERNAL_NET $HTTP_PORTS ( msg:""APP-DETECT Absolute Software Computrace outbound connection - namequery.nettrace.co.za"";  flow:to_server,established;  http_header;  content:""Host|3A| namequery.nettrace.co.za|0D 0A|"",fast_pattern,nocase;  content:""TagId: "";  metadata:policy max-detect-ips drop,policy security-ips drop,ruleset community;  service:http;  reference:url,absolute.com/support/consumer/technology_computrace;  reference:url,www.blackhat.com/docs/us-14/materials/us-14-Kamlyuk-Kamluk-Computrace-Backdoor-Revisited.pdf;  reference:url,www.blackhat.com/presentations/bh-usa-09/ORTEGA/BHUSA09-Ortega-DeactivateRootkit-PAPER.pdf;  classtype:misc-activity;  sid:32848;  rev:3;  )",['T1014']
110,32849,"alert tcp $HOME_NET any -> $EXTERNAL_NET $HTTP_PORTS ( msg:""APP-DETECT Absolute Software Computrace outbound connection - search.us.namequery.com"";  flow:to_server,established;  http_header;  content:""Host|3A| search.us.namequery.com|0D 0A|"",fast_pattern,nocase;  content:""TagId: "";  metadata:policy max-detect-ips drop,policy security-ips drop,ruleset community;  service:http;  reference:url,absolute.com/support/consumer/technology_computrace;  reference:url,www.blackhat.com/docs/us-14/materials/us-14-Kamlyuk-Kamluk-Computrace-Backdoor-Revisited.pdf;  reference:url,www.blackhat.com/presentations/bh-usa-09/ORTEGA/BHUSA09-Ortega-DeactivateRootkit-PAPER.pdf;  classtype:misc-activity;  sid:32849;  rev:3;  )",['T1014']
111,32850,"alert tcp $HOME_NET any -> $EXTERNAL_NET $HTTP_PORTS ( msg:""APP-DETECT Absolute Software Computrace outbound connection - search2.namequery.com"";  flow:to_server,established;  http_header;  content:""Host|3A| search2.namequery.com|0D 0A|"",fast_pattern,nocase;  content:""TagId: "";  metadata:policy max-detect-ips drop,policy security-ips drop,ruleset community;  service:http;  reference:url,absolute.com/support/consumer/technology_computrace;  reference:url,www.blackhat.com/docs/us-14/materials/us-14-Kamlyuk-Kamluk-Computrace-Backdoor-Revisited.pdf;  reference:url,www.blackhat.com/presentations/bh-usa-09/ORTEGA/BHUSA09-Ortega-DeactivateRootkit-PAPER.pdf;  classtype:misc-activity;  sid:32850;  rev:3;  )",['T1014']
112,32851,"alert tcp $HOME_NET any -> $EXTERNAL_NET $HTTP_PORTS ( msg:""APP-DETECT Absolute Software Computrace outbound connection - search64.namequery.com"";  flow:to_server,established;  http_header;  content:""Host|3A| search64.namequery.com|0D 0A|"",fast_pattern,nocase;  content:""TagId: "";  metadata:policy max-detect-ips drop,policy security-ips drop,ruleset community;  service:http;  reference:url,absolute.com/support/consumer/technology_computrace;  reference:url,www.blackhat.com/docs/us-14/materials/us-14-Kamlyuk-Kamluk-Computrace-Backdoor-Revisited.pdf;  reference:url,www.blackhat.com/presentations/bh-usa-09/ORTEGA/BHUSA09-Ortega-DeactivateRootkit-PAPER.pdf;  classtype:misc-activity;  sid:32851;  rev:3;  )",['T1014']
113,33220,"alert tcp $HOME_NET any -> $EXTERNAL_NET [25,587] ( msg:""MALWARE-CNC Win.Trojan.HawkEye keylogger exfiltration attempt"";  flow:to_server,established;  content:""HawkEye Keylogger"",fast_pattern,nocase;  content:""Subject: =?utf-8?B"";  metadata:impact_flag red,ruleset community;  service:smtp;  reference:url,www.virustotal.com/en/file/f4499928a6fee5d37fb711ed6d68708bf116cfc7f284d3295dd30ded7ecf64b2/analysis/;  classtype:trojan-activity;  sid:33220;  rev:6;  )","['T1020', 'T1056']"
114,33221,"alert tcp $HOME_NET any -> $EXTERNAL_NET [25,587] ( msg:""MALWARE-CNC Win.Trojan.HawkEye Keylogger exfiltration attempt - clipboard and screenshot"";  flow:to_server,established;  content:""Subject|3A 20|=?utf-8?B?"",fast_pattern;  content:""=?=|0D 0A|"",within 150;  flowbits:set,hawk.lgr;  flowbits:noalert;  metadata:ruleset community;  service:smtp;  reference:url,www.virustotal.com/en/file/f4499928a6fee5d37fb711ed6d68708bf116cfc7f284d3295dd30ded7ecf64b2/analysis/;  classtype:trojan-activity;  sid:33221;  rev:8;  )","['T1020', 'T1056']"
115,33222,"alert tcp $HOME_NET any -> $EXTERNAL_NET [25,587] ( msg:""MALWARE-CNC Win.Trojan.HawkEye Keylogger exfiltration attempt - clipboard and screenshot"";  flow:to_server,established;  flowbits:isset,hawk.lgr;  content:""=0D=0AClipboard"",fast_pattern,nocase;  content:""=0D=0AKeyboard"",nocase;  metadata:impact_flag red,ruleset community;  service:smtp;  reference:url,www.virustotal.com/en/file/f4499928a6fee5d37fb711ed6d68708bf116cfc7f284d3295dd30ded7ecf64b2/analysis/;  classtype:trojan-activity;  sid:33222;  rev:3;  )","['T1020', 'T1056']"
116,33223,"alert tcp $HOME_NET any -> $EXTERNAL_NET [25,587] ( msg:""MALWARE-CNC Win.Trojan.HawkEye Keylogger exfiltration attempt - clipboard and screenshot"";  flow:to_server,established;  flowbits:isset,hawk.lgr;  content:""name=screenshot"",fast_pattern,nocase;  pcre:""/name\x3dscreenshot\d+\x2e/i"";  metadata:impact_flag red,ruleset community;  service:smtp;  reference:url,www.virustotal.com/en/file/f4499928a6fee5d37fb711ed6d68708bf116cfc7f284d3295dd30ded7ecf64b2/analysis/;  classtype:trojan-activity;  sid:33223;  rev:3;  )","['T1020', 'T1056']"
118,37245,"alert tcp $EXTERNAL_NET any -> $HOME_NET $HTTP_PORTS ( msg:""MALWARE-CNC Win.Backdoor.Chopper web shell connection"";  flow:to_server,established;  http_client_body;  content:""=@eval(base64_decode($_POST"",fast_pattern,nocase;  metadata:impact_flag red,policy balanced-ips drop,policy max-detect-ips drop,policy security-ips drop,ruleset community;  service:http;  reference:url,informationonsecurity.blogspot.com/2012/11/china-chopper-webshell.html;  reference:url,www.virustotal.com/en/file/BE24561427D754C0C150272CAB5017D5A2DA64D41BEC74416B8AE363FB07FD77/analysis/;  classtype:trojan-activity;  sid:37245;  rev:4;  )","['T1001', 'T1505', 'T1132']"
119,38385,"alert tcp $HOME_NET any -> $EXTERNAL_NET 21 ( msg:""MALWARE-CNC Win.Trojan.FTPKeyLogger outbound connection"";  flow:to_server,established;  content:""USER obitex@benfoods.tk|0D 0A|"",fast_pattern,nocase;  metadata:impact_flag red,ruleset community;  service:ftp;  reference:url,www.virustotal.com/en/file/44f956d41f5aea97884f88f60c1e28dc246b4b7318a87b332367e7f0476ca8fc/analysis/1459279340/;  classtype:trojan-activity;  sid:38385;  rev:3;  )",['T1056']
120,38386,"alert tcp $HOME_NET any -> $EXTERNAL_NET 21 ( msg:""MALWARE-CNC Win.Trojan.FTPKeyLogger outbound connection"";  flow:to_server,established;  content:""PASS Goodman1986|0D 0A|"",fast_pattern,nocase;  metadata:impact_flag red,ruleset community;  service:ftp;  reference:url,www.virustotal.com/en/file/44f956d41f5aea97884f88f60c1e28dc246b4b7318a87b332367e7f0476ca8fc/analysis/1459279340/;  classtype:trojan-activity;  sid:38386;  rev:3;  )",['T1056']
121,38387,"alert tcp $HOME_NET any -> $EXTERNAL_NET 21 ( msg:""MALWARE-CNC Win.Trojan.FTPKeyLogger outbound connection"";  flow:to_server,established;  content:""STOR Screenshot from|3A 20|"",fast_pattern;  content:""|29|.png"",within 80;  metadata:impact_flag red,ruleset community;  service:ftp;  reference:url,www.virustotal.com/en/file/44f956d41f5aea97884f88f60c1e28dc246b4b7318a87b332367e7f0476ca8fc/analysis/1459279340/;  classtype:trojan-activity;  sid:38387;  rev:2;  )",['T1056']
122,38388,"alert tcp $HOME_NET any -> $EXTERNAL_NET $HTTP_PORTS ( msg:""MALWARE-CNC Win.Trojan.FTPKeyLogger geolocation check"";  flow:to_server,established;  http_raw_uri;  bufferlen:16;  http_uri;  content:""/geoip/geoip.php"",fast_pattern,nocase;  http_header;  content:!""Accept"";  content:!""User-Agent"";  content:!""Referer"";  metadata:impact_flag red,ruleset community;  service:http;  reference:url,www.virustotal.com/en/file/44f956d41f5aea97884f88f60c1e28dc246b4b7318a87b332367e7f0476ca8fc/analysis/1459279340/;  classtype:trojan-activity;  sid:38388;  rev:3;  )",['T1056']
123,38510,"alert tcp $HOME_NET any -> $EXTERNAL_NET $HTTP_PORTS ( msg:""MALWARE-CNC Win.Trojan.iSpySoft variant exfiltration attempt"";  flow:to_server,established;  http_raw_uri;  bufferlen:11;  http_method;  content:""POST"";  http_uri;  content:""/api?upload"",fast_pattern,nocase;  http_header;  content:""Expect|3A 20|"";  content:!""User-Agent"";  content:!""Accept"";  content:!""Referer"";  metadata:impact_flag red,ruleset community;  service:http;  reference:url,www.virustotal.com/en/file/146889acc9c4a5dbda2de339320159560567b14f846653df727284076f092e63/analysis/1460466642/;  classtype:trojan-activity;  sid:38510;  rev:3;  )",['T1020']
124,38557,"alert tcp $HOME_NET any -> $EXTERNAL_NET $HTTP_PORTS ( msg:""MALWARE-CNC Win.Trojan.GateKeylogger outbound connection"";  flow:to_server,established;  http_uri;  content:""/News/gate.php"",fast_pattern,nocase;  http_header;  content:""Connection|3A 20|Keep-Alive"";  content:!""Accept"";  content:!""Content-Type"";  content:""User-Agent|3A 20|"";  pcre:""/User-Agent\x3a\x20[A-F0-9]{32}\x0d\x0a/"";  metadata:impact_flag red,ruleset community;  service:http;  reference:url,www.virustotal.com/en/file/77c802db1731fa8dae1b03d978f89b046309adfa1237b1497a69ccb9c2d82c16/analysis/1459520578/;  classtype:trojan-activity;  sid:38557;  rev:4;  )",['T1056']
125,38558,"alert tcp $HOME_NET any -> $EXTERNAL_NET $HTTP_PORTS ( msg:""MALWARE-CNC Win.Trojan.GateKeylogger outbound connection"";  flow:to_server,established;  http_uri;  content:""/News/gate.php"",fast_pattern,nocase;  http_client_body;  content:""="",depth 4;  http_header;  content:""User-Agent|3A 20|"";  pcre:""/User-Agent\x3a\x20[A-F0-9]{32}\x0d\x0a/"";  metadata:impact_flag red,ruleset community;  service:http;  reference:url,www.virustotal.com/en/file/77c802db1731fa8dae1b03d978f89b046309adfa1237b1497a69ccb9c2d82c16/analysis/1459520578/;  classtype:trojan-activity;  sid:38558;  rev:3;  )",['T1056']
126,38559,"alert tcp $HOME_NET any -> $EXTERNAL_NET $HTTP_PORTS ( msg:""MALWARE-CNC Win.Trojan.GateKeylogger outbound connection - keystorkes"";  flow:to_server,established;  http_uri;  content:""/News/gate.php?"",fast_pattern,nocase;  http_client_body;  content:""<br><br><b><big>"";  http_uri;  pcre:""/\/News\/gate\.php\x3f[a-f0-9]{32}\x3d\d/i"";  metadata:impact_flag red,ruleset community;  service:http;  reference:url,www.virustotal.com/en/file/77c802db1731fa8dae1b03d978f89b046309adfa1237b1497a69ccb9c2d82c16/analysis/1459520578/;  classtype:trojan-activity;  sid:38559;  rev:3;  )",['T1056']
127,38560,"alert tcp $HOME_NET any -> $EXTERNAL_NET $HTTP_PORTS ( msg:""MALWARE-CNC Win.Trojan.GateKeylogger outbound connection - screenshot"";  flow:to_server,established;  http_uri;  content:""/News/gate.php?"",fast_pattern,nocase;  http_client_body;  content:""JFIF"";  http_uri;  pcre:""/\/News\/gate\.php\x3f[a-f0-9]{32}\x3d\d/i"";  metadata:impact_flag red,ruleset community;  service:http;  reference:url,www.virustotal.com/en/file/77c802db1731fa8dae1b03d978f89b046309adfa1237b1497a69ccb9c2d82c16/analysis/1459520578/;  classtype:trojan-activity;  sid:38560;  rev:3;  )",['T1056']
128,38561,"alert tcp $HOME_NET any -> $EXTERNAL_NET $HTTP_PORTS ( msg:""MALWARE-CNC Win.Trojan.GateKeylogger plugins download attempt"";  flow:to_server,established;  content:"".p HTTP/1.1"",fast_pattern,nocase;  http_uri;  content:""/plugins/"";  pcre:""/\/plugins\/[a-z]{3,10}\.p/i"";  metadata:impact_flag red,ruleset community;  service:http;  reference:url,www.virustotal.com/en/file/77c802db1731fa8dae1b03d978f89b046309adfa1237b1497a69ccb9c2d82c16/analysis/1459520578/;  classtype:trojan-activity;  sid:38561;  rev:3;  )","['T1056', 'T1176']"
129,38562,"alert tcp $HOME_NET any -> $EXTERNAL_NET $HTTP_PORTS ( msg:""MALWARE-CNC Win.Trojan.GateKeylogger initial exfiltration attempt"";  flow:to_server,established;  content:""/gate.php"",fast_pattern,nocase;  http_client_body;  content:""pc="",nocase;  content:""&admin="",distance 0,nocase;  content:""&os="",distance 0,nocase;  content:""&hid="",distance 0,nocase;  content:""&arc="",distance 0,nocase;  http_header;  content:""User-Agent|3A 20|"";  pcre:""/User-Agent\x3a\x20[A-F0-9]{32}\x0d\x0a/"";  metadata:impact_flag red,ruleset community;  service:http;  reference:url,www.virustotal.com/en/file/77c802db1731fa8dae1b03d978f89b046309adfa1237b1497a69ccb9c2d82c16/analysis/1459520578/;  classtype:trojan-activity;  sid:38562;  rev:4;  )","['T1020', 'T1056']"
130,38563,"alert tcp $EXTERNAL_NET $HTTP_PORTS -> $HOME_NET any ( msg:""MALWARE-CNC Win.Trojan.GateKeylogger fake 404 response"";  flow:to_client,established;  http_stat_code;  content:""200"";  http_stat_msg;  content:""OK"";  pkt_data;  content:"">404 Not Found<"",fast_pattern,nocase;  content:"" requested URL / was not found "";  metadata:impact_flag red,ruleset community;  service:http;  reference:url,www.virustotal.com/en/file/77c802db1731fa8dae1b03d978f89b046309adfa1237b1497a69ccb9c2d82c16/analysis/1459520578/;  classtype:trojan-activity;  sid:38563;  rev:4;  )",['T1056']
131,38564,"alert tcp $HOME_NET any -> $EXTERNAL_NET $HTTP_PORTS ( msg:""MALWARE-CNC Win.Trojan.GateKeylogger keylog exfiltration attempt"";  flow:to_server,established;  http_uri;  content:""/post.php?"",fast_pattern,nocase;  content:""pl="";  content:""&education="",distance 0;  metadata:impact_flag red,ruleset community;  service:http;  reference:url,www.virustotal.com/en/file/77c802db1731fa8dae1b03d978f89b046309adfa1237b1497a69ccb9c2d82c16/analysis/1459520578/;  classtype:trojan-activity;  sid:38564;  rev:3;  )","['T1020', 'T1056']"
132,38565,"alert tcp $HOME_NET any -> $EXTERNAL_NET $HTTP_PORTS ( msg:""MALWARE-CNC Win.Trojan.Sweeper variant dropper initial download attempt"";  flow:to_server,established;  http_method;  content:""HEAD"";  pkt_data;  content:"".bin"",fast_pattern,nocase;  http_header;  content:""User-Agent|3A 20|Microsoft BITS"";  pkt_data;  content:""Accept-Encoding|3A 20|identity|0D 0A|"";  http_header;  content:!""Content-Length"";  http_uri;  pcre:""/\/[a-f0-9]{32}\/\w+\.bin/"";  metadata:impact_flag red,ruleset community;  service:http;  reference:url,www.virustotal.com/en/file/70e6df66c76700afef596e2dd7c956f4f476acca5b935b3f067084241638d182/analysis/1460636221/;  classtype:trojan-activity;  sid:38565;  rev:3;  )",['T1197']
133,38566,"alert tcp $HOME_NET any -> $EXTERNAL_NET $HTTP_PORTS ( msg:""MALWARE-CNC Win.Trojan.Sweeper variant dropper download attempt"";  flow:to_server,established;  content:"".bin"",fast_pattern,nocase;  http_header;  content:""User-Agent|3A 20|Microsoft BITS"";  pkt_data;  content:""Accept-Encoding|3A 20|identity|0D 0A|"";  http_header;  content:""If-Unmodified-Since"";  content:""Range"";  http_uri;  pcre:""/\/[a-f0-9]{32}\/\w+\.bin/"";  metadata:impact_flag red,ruleset community;  service:http;  reference:url,www.virustotal.com/en/file/70e6df66c76700afef596e2dd7c956f4f476acca5b935b3f067084241638d182/analysis/1460636221/;  classtype:trojan-activity;  sid:38566;  rev:3;  )",['T1197']
134,38890,"alert tcp $HOME_NET any -> $EXTERNAL_NET $HTTP_PORTS ( msg:""MALWARE-CNC Win.Trojan.Kirts exfiltration attempt"";  flow:to_server,established;  http_uri;  content:"".php?fname=Hawkeye_Keylogger"",fast_pattern,nocase;  content:""&data="";  http_header;  content:!""User-Agent"";  content:!""Accept"";  metadata:impact_flag red,ruleset community;  service:http;  reference:url,www.virustotal.com/en/file/f81128f3b9c0347f4ee5946ecf9a95a3d556e8e3a4742d01e5605f862e1d116d/analysis/1462888129/;  classtype:trojan-activity;  sid:38890;  rev:3;  )","['T1020', 'T1056']"
135,38950,"alert tcp $HOME_NET any -> $EXTERNAL_NET any ( msg:""MALWARE-CNC Win.Trojan.PassStealer passwords exfiltration attempt"";  flow:to_server;  file_data;  content:""Passwords Recorded On "",fast_pattern;  content:""Time of Recording:"",within 20,distance 22;  content:""IP Address"",within 12,distance 15;  metadata:impact_flag red,ruleset community;  service:ftp;  reference:url,virustotal.com/en/file/5780e8408c8d5c84d1fbe5c53eeb77832a6af54fd41fab7f720c89fc10989340/analysis/1463495191/;  classtype:trojan-activity;  sid:38950;  rev:4;  )",['T1020']
136,39409,"alert tcp $HOME_NET any -> $SMTP_SERVERS [25,587] ( msg:""MALWARE-CNC Win.Trojan.iSpy variant initial outbound connection"";  flow:to_server,established;  content:""=0D=0A=0D=0A"",fast_pattern,nocase;  content:""iSpy Keylogger"";  content:""Computer Information"";  content:""Username:"",within 30;  content:""Installed"",within 50;  metadata:impact_flag red,ruleset community;  service:smtp;  reference:url,www.virustotal.com/en/file/f4e902c1c2647e79167262bf948fe41368bab4d3876255eb3d9edb5ae02097b7/analysis/;  classtype:trojan-activity;  sid:39409;  rev:3;  )",['T1056']
137,39410,"alert tcp $HOME_NET any -> $SMTP_SERVERS [25,587] ( msg:""MALWARE-CNC Win.Trojan.iSpy variant exfiltration outbound connection"";  flow:to_server,established;  content:""=0D=0A"",fast_pattern,nocase;  content:""iSpy Keylogger"";  content:""=0D=0ABrowser"";  content:""=0D=0AWebsite"",within 70;  content:""=0D=0AUsername"",within 70;  content:""=0D=0APassword"",within 70;  metadata:impact_flag red,ruleset community;  service:smtp;  reference:url,www.virustotal.com/en/file/f4e902c1c2647e79167262bf948fe41368bab4d3876255eb3d9edb5ae02097b7/analysis/;  classtype:trojan-activity;  sid:39410;  rev:3;  )","['T1020', 'T1056']"
138,39911,"alert tcp $HOME_NET any -> $EXTERNAL_NET [25,587] ( msg:""MALWARE-CNC Win.Trojan.HawkEye keylogger exfiltration attempt"";  flow:to_server,established;  content:""Subject: HawkEye Keylogger |7C|"",fast_pattern,nocase;  metadata:impact_flag red,ruleset community;  service:smtp;  reference:url,www.virustotal.com/en/file/f4499928a6fee5d37fb711ed6d68708bf116cfc7f284d3295dd30ded7ecf64b2/analysis/;  classtype:trojan-activity;  sid:39911;  rev:3;  )","['T1020', 'T1056']"
139,40220,"alert udp $HOME_NET [500,848,4500,4848] -> $EXTERNAL_NET any ( msg:""SERVER-OTHER Cisco IOS Group-Prime memory disclosure exfiltration attempt"";  flow:to_client;  dsize:>2000;  content:""|0B 10 05 00|"",depth 8,offset 16;  byte_test:4,>,2000,4,relative;  metadata:policy balanced-ips drop,policy max-detect-ips drop,policy security-ips drop,ruleset community;  reference:cve,2016-6415;  reference:url,tools.cisco.com/security/center/content/CiscoSecurityAdvisory/cisco-sa-20160916-ikev1;  classtype:attempted-recon;  sid:40220;  rev:6;  )",['T1020']
140,40832,"alert tcp $EXTERNAL_NET any -> $HOME_NET any ( msg:""MALWARE-CNC Win.Backdoor.Houdini variant keylogger inbound init command attempt"";  flow:to_client,established;  isdataat:22;  isdataat:!23;  content:""silence_keylogger|0D 0A|"",depth 19,offset 4;  metadata:impact_flag red,ruleset community;  classtype:trojan-activity;  sid:40832;  rev:5;  )",['T1056']
141,40911,"alert tcp $HOME_NET any -> $EXTERNAL_NET $HTTP_PORTS ( msg:""MALWARE-CNC Win.Rootkit.Sednit variant outbound connection"";  flow:to_server,established;  http_raw_uri;  bufferlen:11;  http_uri;  content:""/search.php"",fast_pattern,nocase;  http_client_body;  content:""as_ft="";  content:""as_q="";  metadata:impact_flag red,ruleset community;  service:http;  reference:url,virustotal.com/en/file/471fbdc52b501dfe6275a32f89a8a6b02a2aa9a0e70937f5de610b4185334668/analysis/1480953133/;  classtype:trojan-activity;  sid:40911;  rev:4;  )",['T1014']
142,41443,"alert tcp $HOME_NET any -> $EXTERNAL_NET $HTTP_PORTS ( msg:""MALWARE-CNC Win.Ransomware.X-Mas variant keylogger outbound connection"";  flow:to_server,established;  http_uri;  content:""/gate.php"",fast_pattern,nocase;  http_client_body;  content:""163="";  content:""&x="",distance 0;  content:""&z="",distance 0;  metadata:impact_flag red,ruleset community;  service:http;  reference:url,virustotal.com/en/file/b49d2b3c6978584408f3c668863cc88e892bd333a9db9c3de14964d59fc3298f/analysis/1484847208/;  classtype:trojan-activity;  sid:41443;  rev:4;  )",['T1056']
143,41444,"alert tcp $HOME_NET any -> $EXTERNAL_NET $HTTP_PORTS ( msg:""MALWARE-CNC Win.Ransomware.X-Mas variant keylogger outbound connection"";  flow:to_server,established;  http_uri;  content:""/gate.php?"",fast_pattern,nocase;  http_client_body;  content:""|3C|br|3E 3C|br|3E 3C|b|3E 3C|big|3E 3C|font color=|22|"";  content:""|22 3E 20 5B|"",within 12;  http_header;  content:!""Accept-"";  content:!""Referer"";  metadata:impact_flag red,ruleset community;  service:http;  reference:url,virustotal.com/en/file/b49d2b3c6978584408f3c668863cc88e892bd333a9db9c3de14964d59fc3298f/analysis/1484847208/;  classtype:trojan-activity;  sid:41444;  rev:4;  )",['T1056']
144,41712,"alert tcp $HOME_NET any -> $EXTERNAL_NET $HTTP_PORTS ( msg:""MALWARE-CNC Win.Trojan.Houdini backdoor file download request"";  flow:to_server,established;  http_uri;  content:""/ChromeSetup.bat"",fast_pattern,nocase;  pkt_data;  content:""User-Agent|3A| Microsoft BITS"";  metadata:impact_flag red,ruleset community;  service:http;  reference:url,virustotal.com/en/file/8d75e47c04bb2cc0f4c2e973475d4ff1fc8f32039794e3ea5ca2494c66d80d3f/analysis/;  classtype:trojan-activity;  sid:41712;  rev:3;  )",['T1197']
145,42331,"alert tcp any any -> $HOME_NET 445 ( msg:""MALWARE-CNC Win.Trojan.Doublepulsar variant process injection command"";  flow:to_server,established;  content:""|FF|SMB|32 00 00 00 00|"",depth 9,offset 4;  content:""|42 00|"",within 2,distance 21;  content:""|0E 00|"",within 2,distance 29;  content:!""|00 00|"",within 2;  flowbits:set,smb.trans2.mid66;  metadata:impact_flag red,ruleset community;  service:netbios-ssn;  reference:url,countercept.com/our-thinking/analyzing-the-doublepulsar-kernel-dll-injection-technique/;  reference:url,www.virustotal.com/file/15ffbb8d382cd2ff7b0bd4c87a7c0bffd1541c2fe86865af445123bc0b770d13/analysis/;  classtype:trojan-activity;  sid:42331;  rev:5;  )",['T1055']
146,42340,"alert tcp any any -> $HOME_NET 445 ( msg:""OS-WINDOWS Microsoft Windows SMB anonymous session IPC share access attempt"";  flow:to_server,established;  flowbits:isset,smb.null_session;  content:""|FF|SMB|75 00 00 00 00|"",depth 9,offset 4;  content:""|00 5C 00|I|00|P|00|C|00|$|00 00 00|"",fast_pattern,nocase;  metadata:policy max-detect-ips drop,policy security-ips drop,ruleset community;  service:netbios-ssn;  reference:url,msdn.microsoft.com/en-us/library/ee441910.aspx;  reference:url,technet.microsoft.com/en-us/security/bulletin/MS17-010;  classtype:attempted-recon;  sid:42340;  rev:4;  )",['T1021']
147,42834,"alert tcp $EXTERNAL_NET any -> $HOME_NET $HTTP_PORTS ( msg:""MALWARE-CNC Win.Backdoor.Chopper web shell connection"";  flow:to_server,established;  http_header;  content:""X-Forwarded-For"",nocase;  http_client_body;  content:""z9=base64%5fdecode"",fast_pattern,nocase;  content:""=%40eval"";  metadata:impact_flag red,policy balanced-ips drop,policy max-detect-ips drop,policy security-ips drop,ruleset community;  service:http;  reference:url,www.fireeye.com/blog/threat-research/2013/08/breaking-down-the-china-chopper-web-shell-part-ii.html;  classtype:trojan-activity;  sid:42834;  rev:5;  )",['T1505']
148,42835,"alert tcp $EXTERNAL_NET any -> $HOME_NET $HTTP_PORTS ( msg:""MALWARE-CNC Win.Backdoor.Chopper web shell connection"";  flow:to_server,established;  http_header;  content:""X-Forwarded-For"",nocase;  http_client_body;  content:""=edoced_46esab"",fast_pattern,nocase;  content:""z0="";  metadata:impact_flag red,policy balanced-ips drop,policy max-detect-ips drop,policy security-ips drop,ruleset community;  service:http;  reference:url,www.fireeye.com/blog/threat-research/2013/08/breaking-down-the-china-chopper-web-shell-part-ii.html;  classtype:trojan-activity;  sid:42835;  rev:5;  )",['T1505']
149,42836,"alert tcp $EXTERNAL_NET any -> $HOME_NET $HTTP_PORTS ( msg:""MALWARE-CNC Win.Backdoor.Chopper web shell connection"";  flow:to_server,established;  http_client_body;  content:""=@eval(get_magic_quotes_gpc()?stripslashes($_POST["",fast_pattern,nocase;  metadata:impact_flag red,policy balanced-ips drop,policy max-detect-ips drop,policy security-ips drop,ruleset community;  service:http;  reference:url,www.fireeye.com/blog/threat-research/2013/08/breaking-down-the-china-chopper-web-shell-part-ii.html;  classtype:trojan-activity;  sid:42836;  rev:5;  )",['T1505']
150,43002,"alert tcp any any -> $HOME_NET 445 ( msg:""PROTOCOL-OTHER NETBIOS SMB IPC share access attempt"";  flow:to_server,established;  content:""|FF|SMB|75 00 00 00 00|"",depth 9,offset 4;  content:""IPC$|00|"",fast_pattern,nocase;  flowbits:set,smb.tree.connect.ipc;  flowbits:noalert;  metadata:policy balanced-ips alert,policy max-detect-ips alert,policy security-ips alert,ruleset community;  service:netbios-ssn;  classtype:misc-activity;  sid:43002;  rev:8;  )",['T1021']
151,43003,"alert tcp any any -> $HOME_NET 445 ( msg:""PROTOCOL-OTHER NETBIOS SMB IPC share access attempt"";  flow:to_server,established;  content:""|FF|SMB|75 00 00 00 00|"",depth 9,offset 4;  content:""I|00|P|00|C|00|$|00 00 00|"",fast_pattern,nocase;  flowbits:set,smb.tree.connect.ipc;  flowbits:noalert;  metadata:policy balanced-ips alert,policy max-detect-ips alert,policy security-ips alert,ruleset community;  service:netbios-ssn;  classtype:misc-activity;  sid:43003;  rev:8;  )",['T1021']
152,43287,"alert tcp $EXTERNAL_NET any -> $HTTP_SERVERS $HTTP_PORTS ( msg:""SERVER-WEBAPP /etc/inetd.conf file access attempt"";  flow:to_server,established;  http_uri;  content:""/etc/inetd.conf"",fast_pattern,nocase;  metadata:policy max-detect-ips drop,ruleset community;  service:http;  classtype:attempted-recon;  sid:43287;  rev:3;  )",['T1087']
153,43288,"alert tcp $EXTERNAL_NET any -> $HTTP_SERVERS $HTTP_PORTS ( msg:""SERVER-WEBAPP /etc/motd file access attempt"";  flow:to_server,established;  http_uri;  content:""/etc/motd"",fast_pattern,nocase;  metadata:policy max-detect-ips drop,ruleset community;  service:http;  classtype:attempted-recon;  sid:43288;  rev:3;  )",['T1087']
154,43289,"alert tcp $EXTERNAL_NET any -> $HTTP_SERVERS $HTTP_PORTS ( msg:""SERVER-WEBAPP /etc/shadow file access attempt"";  flow:to_server,established;  http_uri;  content:""/etc/shadow"",fast_pattern,nocase;  metadata:policy max-detect-ips drop,ruleset community;  service:http;  classtype:attempted-recon;  sid:43289;  rev:3;  )",['T1087']
155,45967,"alert udp $HOME_NET any -> $EXTERNAL_NET 53 ( msg:""MALWARE-CNC Win.Trojan.UDPOS outbound data exfiltration"";  flow:to_server;  isdataat:150;  content:""|0F|"";  content:""|03|trp"",within 4,distance 15,fast_pattern;  metadata:impact_flag red,policy balanced-ips drop,policy max-detect-ips drop,policy security-ips drop,ruleset community;  service:dns;  reference:url,blogs.forcepoint.com/security-labs/udpos-exfiltrating-credit-card-data-dns;  reference:url,www.virustotal.com/#/file/62688903adfc719c5514f25a17563547aac4801959852f5d49faa93967ce86cf/detection;  classtype:trojan-activity;  sid:45967;  rev:2;  )",['T1020']
156,45968,"alert udp $HOME_NET any -> $EXTERNAL_NET 53 ( msg:""MALWARE-CNC Win.Trojan.UDPOS outbound data exfiltration"";  flow:to_server;  isdataat:150;  content:""|0F|"";  content:""|04|note"",within 5,distance 15,fast_pattern;  metadata:impact_flag red,policy balanced-ips drop,policy max-detect-ips drop,policy security-ips drop,ruleset community;  service:dns;  reference:url,blogs.forcepoint.com/security-labs/udpos-exfiltrating-credit-card-data-dns;  reference:url,www.virustotal.com/#/file/62688903adfc719c5514f25a17563547aac4801959852f5d49faa93967ce86cf/detection;  classtype:trojan-activity;  sid:45968;  rev:2;  )",['T1020']
157,45980,"alert tcp $EXTERNAL_NET any -> $HOME_NET any ( msg:""MALWARE-CNC MultiOS.Trojan.OSCelestial variant inbound connection"";  flow:to_client,established;  content:""|74 00 29|net.oscp.client.keylogger.KeystrokeLogger"",fast_pattern,nocase;  metadata:impact_flag red,policy balanced-ips drop,policy max-detect-ips drop,policy security-ips drop,ruleset community;  reference:url,www.virustotal.com/en/file/9b4843ff0181af15a6c8478ca00aafd4296592a2985a480575810f4f64442742/analysis/;  classtype:trojan-activity;  sid:45980;  rev:2;  )",['T1056']
158,46067,"alert tcp $HOME_NET any -> $EXTERNAL_NET $HTTP_PORTS ( msg:""MALWARE-CNC Win.Trojan.yty plugin downloader initial outbound connection"";  flow:to_server,established;  http_header;  content:""Expect: 100-continue"",fast_pattern,nocase;  http_client_body;  content:""pc="";  content:""pc_data="";  metadata:impact_flag red,policy balanced-ips drop,policy max-detect-ips drop,policy security-ips drop,ruleset community;  service:http;  reference:url,www.arbornetworks.com/blog/asert/donot-team-leverages-new-modular-malware-framework-south-asia/;  classtype:trojan-activity;  sid:46067;  rev:2;  )",['T1176']
159,46070,"alert tcp $HOME_NET any -> $EXTERNAL_NET $HTTP_PORTS ( msg:""MALWARE-CNC Win.Trojan.yty file exfiltration outbound request"";  flow:to_server,established;  http_header;  content:""Expect: 100-continue"",fast_pattern,nocase;  http_client_body;  content:""id="",depth 3;  content:""&pc="";  metadata:impact_flag red,policy balanced-ips drop,policy max-detect-ips drop,policy security-ips drop,ruleset community;  service:http;  reference:url,www.arbornetworks.com/blog/asert/donot-team-leverages-new-modular-malware-framework-south-asia/;  classtype:trojan-activity;  sid:46070;  rev:4;  )",['T1020']
160,46482,"alert tcp $HOME_NET any -> $EXTERNAL_NET $HTTP_PORTS ( msg:""MALWARE-CNC Installation Keylogger Osx.Trojan.Mokes data exfiltration"";  flow:to_server,established,only_stream;  content:""GET /v1 HTTP/1.1"",depth 16,fast_pattern;  http_header;  content:""Connection: "";  content:""User-Agent: "";  content:""Accept-Encoding: "";  content:""Accept-Language: "";  content:""Host: "";  detection_filter:track by_src,count 3,seconds 6;  metadata:impact_flag red,policy balanced-ips drop,policy max-detect-ips drop,policy security-ips drop,ruleset community;  service:http;  reference:url,www.virustotal.com/en/file/664e0a048f61a76145b55d1f1a5714606953d69edccec5228017eb546049dc8c/analysis/;  classtype:trojan-activity;  sid:46482;  rev:6;  )","['T1020', 'T1056']"
161,47377,"alert tcp $EXTERNAL_NET any -> $HOME_NET any ( msg:""MALWARE-CNC Unix.Trojan.Vpnfilter plugin variant connection attempt"";  flow:to_client,established;  content:""|00 AC D3 62 78 26 76 31 E5 E7 E5 1D C2 3C 15 40 25 2F 90 BD 1F 7F 0E 5E 33 77 EC 0C 1E 6B 61 47|"",fast_pattern,nocase;  metadata:impact_flag red,policy balanced-ips drop,policy max-detect-ips drop,policy security-ips drop,ruleset community;  reference:url,blog.talosintelligence.com/2018/05/VPNFilter.html;  classtype:trojan-activity;  sid:47377;  rev:2;  )",['T1176']
162,47639,"alert udp $EXTERNAL_NET 53 -> $HOME_NET any ( msg:""INDICATOR-OBFUSCATION DNS TXT response record tunneling"";  flow:to_client;  dsize:>300;  content:""|00 10 00 01 00 00 00 00 01 00 FF|"",fast_pattern,nocase;  detection_filter:track by_src,count 25,seconds 1;  metadata:policy max-detect-ips drop,ruleset community;  service:dns;  classtype:misc-activity;  sid:47639;  rev:3;  )",['T1048']
